File,aid,Date,2,3,17,33,49,65,81,97,113,129,145,161,177
QC_Night_2000361_aid0001,aid0001,2000-12-26,87,1649,145.0,,,1017,2941,2.0,,,1.0,,
QC_Night_2001001_aid0001,aid0001,2001-01-01,914,1649,,,,1013,1951,97.0,6.0,,243.0,7.0,
QC_Night_2001009_aid0001,aid0001,2001-01-09,347,1649,2.0,,,1252,2114,293.0,24.0,7.0,177.0,8.0,3.0
QC_Night_2001017_aid0001,aid0001,2001-01-17,32,1649,359.0,152.0,14.0,839,2119,587.0,21.0,,5.0,1.0,
QC_Night_2001025_aid0001,aid0001,2001-01-25,70,1649,79.0,27.0,,1156,2435,320.0,23.0,,41.0,4.0,
QC_Night_2001033_aid0001,aid0001,2001-02-02,70,1649,54.0,31.0,,1167,2317,343.0,52.0,,132.0,13.0,
QC_Night_2001041_aid0001,aid0001,2001-02-10,50,1649,85.0,17.0,,1032,2738,235.0,11.0,,16.0,1.0,
QC_Night_2001049_aid0001,aid0001,2001-02-18,29,1649,172.0,1.0,,1026,2968,21.0,,,,,
QC_Night_2001057_aid0001,aid0001,2001-02-26,57,1649,435.0,173.0,33.0,1047,1901,297.0,87.0,,4.0,,
QC_Night_2001065_aid0001,aid0001,2001-03-06,58,1649,493.0,66.0,,1022,2131,273.0,6.0,,42.0,,
QC_Night_2001073_aid0001,aid0001,2001-03-14,20,1649,1302.0,158.0,,677,1622,67.0,,,33.0,,
QC_Night_2001081_aid0001,aid0001,2001-03-22,23,1649,541.0,,,923,2578,,,,4.0,,
QC_Night_2001089_aid0001,aid0001,2001-03-30,55,1649,109.0,,,734,2748,,,,240.0,,
QC_Night_2001097_aid0001,aid0001,2001-04-07,63,1649,224.0,,,385,2966,,,,6.0,,
QC_Night_2001105_aid0001,aid0001,2001-04-15,60,1649,187.0,,,600,2408,,,,510.0,,
QC_Night_2001113_aid0001,aid0001,2001-04-23,10,1649,50.0,,,705,2662,,,,416.0,,
QC_Night_2001121_aid0001,aid0001,2001-05-01,23,1649,18.0,,,875,2507,,,,585.0,,
QC_Night_2001129_aid0001,aid0001,2001-05-09,11,1649,22.0,,,906,1858,,,1.0,1256.0,,
QC_Night_2001137_aid0001,aid0001,2001-05-17,2212,1649,,,,690,671,,,,655.0,,
QC_Night_2001145_aid0001,aid0001,2001-05-25,57,1649,138.0,,,704,2193,,,2.0,758.0,,
QC_Night_2001153_aid0001,aid0001,2001-06-02,489,1649,20.0,,,882,945,,,,1649.0,,
QC_Night_2001161_aid0001,aid0001,2001-06-10,392,1649,63.0,,,714,2165,,,,668.0,,
QC_Night_2001185_aid0001,aid0001,2001-07-04,175,1649,273.0,,,850,1454,,,,1137.0,,
QC_Night_2001193_aid0001,aid0001,2001-07-12,882,1649,,,,1059,439,,,,1850.0,,
QC_Night_2001201_aid0001,aid0001,2001-07-20,29,1649,375.0,,,864,2601,,,,104.0,,
QC_Night_2001209_aid0001,aid0001,2001-07-28,665,1649,,,,1061,1254,,,,1208.0,,
QC_Night_2001217_aid0001,aid0001,2001-08-05,43,1649,2135.0,,,420,962,,,,,,
QC_Night_2001225_aid0001,aid0001,2001-08-13,662,1649,61.0,,,909,1630,,,7.0,822.0,,
QC_Night_2001233_aid0001,aid0001,2001-08-21,26,1649,214.0,,,555,2532,,,,361.0,,
QC_Night_2001241_aid0001,aid0001,2001-08-29,84,1649,34.0,,,898,1502,,,,1583.0,,
QC_Night_2001249_aid0001,aid0001,2001-09-06,26,1649,20.0,,,999,1800,,,1.0,1277.0,,
QC_Night_2001257_aid0001,aid0001,2001-09-14,61,1649,86.0,,,884,2318,,,,726.0,,
QC_Night_2001265_aid0001,aid0001,2001-09-22,64,1649,15.0,,,995,1493,,,,1605.0,,
QC_Night_2001273_aid0001,aid0001,2001-09-30,20,1649,39.0,,,808,2348,,,,794.0,,
QC_Night_2001281_aid0001,aid0001,2001-10-08,117,1649,18.0,,,931,1994,,,,1037.0,,
QC_Night_2001289_aid0001,aid0001,2001-10-16,14,1649,195.0,,,734,2823,,,,170.0,,
QC_Night_2001297_aid0001,aid0001,2001-10-24,17,1649,128.0,,,653,2918,,,,103.0,,
QC_Night_2001305_aid0001,aid0001,2001-11-01,16,1649,162.0,,,616,2842,,,,119.0,,
QC_Night_2001313_aid0001,aid0001,2001-11-09,14,1649,86.0,,,868,2893,,,,123.0,,
QC_Night_2001321_aid0001,aid0001,2001-11-17,10,1649,93.0,,,697,3026,,,,5.0,,
QC_Night_2001329_aid0001,aid0001,2001-11-25,1287,1649,,,,701,1095,,,,1123.0,,
QC_Night_2001337_aid0001,aid0001,2001-12-03,18,1649,637.0,,,480,2537,,,,9.0,,
QC_Night_2001345_aid0001,aid0001,2001-12-11,34,1649,207.0,,,560,2541,1.0,,,285.0,,
QC_Night_2001353_aid0001,aid0001,2001-12-19,19,1649,161.0,,,1012,2779,5.0,,,194.0,,
QC_Night_2001361_aid0001,aid0001,2001-12-27,40,1649,467.0,,,929,2716,2.0,,,,,
QC_Night_2002001_aid0001,aid0001,2002-01-01,49,1649,637.0,,,911,2544,,,,7.0,,
QC_Night_2002009_aid0001,aid0001,2002-01-09,915,1649,46.0,,,825,1942,,,,457.0,,
QC_Night_2002017_aid0001,aid0001,2002-01-17,34,1649,29.0,,,996,2519,23.0,,,587.0,6.0,
QC_Night_2002025_aid0001,aid0001,2002-01-25,30,1649,144.0,5.0,,891,2236,88.0,,2.0,532.0,22.0,
QC_Night_2002033_aid0001,aid0001,2002-02-02,12,1649,56.0,,,895,3072,,,,26.0,,
QC_Night_2002041_aid0001,aid0001,2002-02-10,29,1649,143.0,,,890,3072,,,,3.0,,
QC_Night_2002049_aid0001,aid0001,2002-02-18,21,1649,181.0,,,862,2628,,,,338.0,,
QC_Night_2002057_aid0001,aid0001,2002-02-26,19,1649,2.0,,,1015,3127,,,,18.0,,
QC_Night_2002065_aid0001,aid0001,2002-03-06,29,1649,31.0,,,887,3123,,,,7.0,,
QC_Night_2002073_aid0001,aid0001,2002-03-14,1765,1649,14.0,,,662,1194,,,,582.0,,
QC_Night_2002081_aid0001,aid0001,2002-03-22,1398,1649,14.0,,,799,498,,,,1428.0,,
QC_Night_2002089_aid0001,aid0001,2002-03-30,31,1649,522.0,,,677,2548,,,,32.0,,
QC_Night_2002097_aid0001,aid0001,2002-04-07,27,1649,379.0,,,665,2641,,,,87.0,,
QC_Night_2002105_aid0001,aid0001,2002-04-15,78,1649,4.0,,,1001,1499,,,3.0,1554.0,,
QC_Night_2002113_aid0001,aid0001,2002-04-23,47,1649,162.0,,,528,2859,,,,85.0,,
QC_Night_2002121_aid0001,aid0001,2002-05-01,61,1649,44.0,,,706,2195,,,,846.0,,
QC_Night_2002129_aid0001,aid0001,2002-05-09,713,1649,39.0,,,752,1424,,,,1054.0,,
QC_Night_2002137_aid0001,aid0001,2002-05-17,10,1649,70.0,,,802,2013,,,,1069.0,,
QC_Night_2002145_aid0001,aid0001,2002-05-25,1007,1649,11.0,,,909,627,,,,1594.0,,
QC_Night_2002153_aid0001,aid0001,2002-06-02,538,1649,38.0,,,888,1014,,,,1630.0,,
QC_Night_2002161_aid0001,aid0001,2002-06-10,243,1649,1037.0,,,611,1685,,,,120.0,,
QC_Night_2002169_aid0001,aid0001,2002-06-18,610,1649,,,,1025,610,,,10.0,1936.0,,
QC_Night_2002177_aid0001,aid0001,2002-06-26,71,1649,1386.0,,,577,1703,,,,,,
QC_Night_2002185_aid0001,aid0001,2002-07-04,14,1649,323.0,,,794,2825,,,,6.0,,
QC_Night_2002193_aid0001,aid0001,2002-07-12,97,1649,390.0,,,933,2293,,,,361.0,,
QC_Night_2002201_aid0001,aid0001,2002-07-20,47,1649,700.0,,,634,2305,,,1.0,6.0,,
QC_Night_2002209_aid0001,aid0001,2002-07-28,9,1649,2279.0,,,215,902,,,,,,
QC_Night_2002217_aid0001,aid0001,2002-08-05,47,1649,303.0,,,986,2387,,,,408.0,,
QC_Night_2002225_aid0001,aid0001,2002-08-13,21,1649,3018.0,,,50,139,,,,,,
QC_Night_2002233_aid0001,aid0001,2002-08-21,156,1649,137.0,,,587,2182,,,,623.0,,
QC_Night_2002241_aid0001,aid0001,2002-08-29,2523,1649,,,,493,451,,,,719.0,,
QC_Night_2002249_aid0001,aid0001,2002-09-06,10,1649,30.0,,,871,2815,,,,300.0,,
QC_Night_2002257_aid0001,aid0001,2002-09-14,89,1649,60.0,,,893,2216,,,,809.0,,
QC_Night_2002265_aid0001,aid0001,2002-09-22,69,1649,53.0,,,749,1848,,,,1217.0,,
QC_Night_2002273_aid0001,aid0001,2002-09-30,24,1649,148.0,,,945,2692,,,,246.0,,
QC_Night_2002281_aid0001,aid0001,2002-10-08,42,1649,159.0,,,690,2722,,,,252.0,,
QC_Night_2002289_aid0001,aid0001,2002-10-16,21,1649,31.0,,,928,2378,,,,757.0,,
QC_Night_2002297_aid0001,aid0001,2002-10-24,86,1649,14.0,,,962,2133,,,,893.0,,
QC_Night_2002305_aid0001,aid0001,2002-11-01,41,1649,43.0,,,962,2084,,,,965.0,,
QC_Night_2002313_aid0001,aid0001,2002-11-09,342,1649,80.0,,,834,1877,,,,861.0,,
QC_Night_2002321_aid0001,aid0001,2002-11-17,23,1649,45.0,1.0,,905,2748,3.0,,,349.0,,
QC_Night_2002329_aid0001,aid0001,2002-11-25,36,1649,59.0,,,1004,2962,2.0,,2.0,118.0,,
QC_Night_2002337_aid0001,aid0001,2002-12-03,77,1649,504.0,,,1012,2530,34.0,,,,,
QC_Night_2002345_aid0001,aid0001,2002-12-11,26,1649,207.0,96.0,,1015,2273,482.0,1.0,,62.0,1.0,
QC_Night_2002353_aid0001,aid0001,2002-12-19,27,1649,17.0,,,979,2496,4.0,,,626.0,2.0,
QC_Night_2002361_aid0001,aid0001,2002-12-27,1772,1649,,,,979,287,71.0,,,1104.0,7.0,11.0
QC_Night_2003001_aid0001,aid0001,2003-01-01,485,1649,82.0,33.0,1.0,1007,2268,159.0,42.0,,48.0,,
QC_Night_2003009_aid0001,aid0001,2003-01-09,37,1649,36.0,1.0,,1016,2958,165.0,1.0,,1.0,,
QC_Night_2003017_aid0001,aid0001,2003-01-17,102,1649,,,,967,3037,110.0,4.0,,5.0,,
QC_Night_2003025_aid0001,aid0001,2003-01-25,232,1649,16.0,,,929,2371,,,,678.0,,
QC_Night_2003033_aid0001,aid0001,2003-02-02,59,1649,207.0,,,982,2922,,,,32.0,,
QC_Night_2003041_aid0001,aid0001,2003-02-10,786,1649,1.0,,,1112,1940,164.0,57.0,,169.0,1.0,1.0
QC_Night_2003049_aid0001,aid0001,2003-02-18,340,1649,15.0,4.0,,1158,2244,328.0,113.0,,13.0,,2.0
QC_Night_2003057_aid0001,aid0001,2003-02-26,276,1649,21.0,49.0,,1022,2116,354.0,106.0,,161.0,3.0,11.0
QC_Night_2003065_aid0001,aid0001,2003-03-06,36,1649,168.0,35.0,,1019,2611,329.0,2.0,,6.0,,
QC_Night_2003073_aid0001,aid0001,2003-03-14,60,1649,578.0,39.0,2.0,823,1832,67.0,1.0,,506.0,2.0,
QC_Night_2003081_aid0001,aid0001,2003-03-22,53,1649,167.0,,,730,2719,1.0,,,266.0,,
QC_Night_2003089_aid0001,aid0001,2003-03-30,608,1649,746.0,,,694,1671,,,9.0,214.0,,
QC_Night_2003097_aid0001,aid0001,2003-04-07,62,1649,5.0,,,1075,1435,,,,1608.0,,
QC_Night_2003105_aid0001,aid0001,2003-04-15,19,1649,890.0,,,757,1990,,,,250.0,,
QC_Night_2003113_aid0001,aid0001,2003-04-23,48,1649,16.0,,,901,1741,,,,1343.0,,
QC_Night_2003121_aid0001,aid0001,2003-05-01,44,1649,91.0,,,469,2422,,,,617.0,,
QC_Night_2003129_aid0001,aid0001,2003-05-09,346,1649,1.0,,,1091,1174,,,,1604.0,,
QC_Night_2003137_aid0001,aid0001,2003-05-17,49,1649,193.0,,,574,2746,,,,210.0,,
QC_Night_2003145_aid0001,aid0001,2003-05-25,485,1649,15.0,,,860,1173,,,,1608.0,,
QC_Night_2003153_aid0001,aid0001,2003-06-02,297,1649,5.0,,,946,982,,,,1912.0,,
QC_Night_2003161_aid0001,aid0001,2003-06-10,841,1649,,,,973,1079,,,,1308.0,,
QC_Night_2003169_aid0001,aid0001,2003-06-18,30,1649,647.0,,,616,2169,,,6.0,221.0,,
QC_Night_2003177_aid0001,aid0001,2003-06-26,33,1649,1904.0,,,366,1181,,,,,,
QC_Night_2003185_aid0001,aid0001,2003-07-04,20,1649,2175.0,,,430,950,,,,,,
QC_Night_2003193_aid0001,aid0001,2003-07-12,35,1649,512.0,,,708,2478,,,,117.0,,
QC_Night_2003201_aid0001,aid0001,2003-07-20,35,1649,848.0,,,427,2083,,,1.0,57.0,,
QC_Night_2003209_aid0001,aid0001,2003-07-28,639,1649,89.0,,,816,1148,,,,1280.0,,
QC_Night_2003217_aid0001,aid0001,2003-08-05,3843,1649,,,,81,303,,,,,,
QC_Night_2003225_aid0001,aid0001,2003-08-13,17,1649,1707.0,1.0,,87,1428,,,,,,
QC_Night_2003233_aid0001,aid0001,2003-08-21,26,1649,983.0,,,525,2127,,,,4.0,,
QC_Night_2003241_aid0001,aid0001,2003-08-29,3434,1649,,,,367,419,,,,11.0,,
QC_Night_2003249_aid0001,aid0001,2003-09-06,58,1649,11.0,,,933,1043,,,,2106.0,,
QC_Night_2003257_aid0001,aid0001,2003-09-14,124,1649,67.0,,,879,1711,,,,1206.0,,
QC_Night_2003265_aid0001,aid0001,2003-09-22,37,1649,41.0,,,861,1806,,,,1371.0,,
QC_Night_2003273_aid0001,aid0001,2003-09-30,25,1649,95.0,,,864,2712,,,,365.0,,
QC_Night_2003281_aid0001,aid0001,2003-10-08,13,1649,119.0,,,693,2775,,,,249.0,,
QC_Night_2003289_aid0001,aid0001,2003-10-16,55,1649,38.0,,,917,2521,,,,514.0,,
QC_Night_2003297_aid0001,aid0001,2003-10-24,16,1649,183.0,,,897,2685,1.0,,,270.0,,
QC_Night_2003305_aid0001,aid0001,2003-11-01,31,1649,105.0,,,542,2695,,,,288.0,,
QC_Night_2003313_aid0001,aid0001,2003-11-09,81,1649,180.0,,,830,2234,,,,627.0,,
QC_Night_2003321_aid0001,aid0001,2003-11-17,13,1649,227.0,,,518,2872,,,,74.0,,
QC_Night_2003329_aid0001,aid0001,2003-11-25,17,1649,1819.0,,,394,1229,,,,5.0,,
QC_Night_2003337_aid0001,aid0001,2003-12-03,141,1649,58.0,3.0,,988,2925,15.0,5.0,,75.0,,
QC_Night_2003345_aid0001,aid0001,2003-12-11,65,1649,3.0,2.0,,1153,1345,63.0,3.0,2.0,1539.0,45.0,
QC_Night_2003353_aid0001,aid0001,2003-12-19,308,1649,270.0,,,978,2492,9.0,5.0,,112.0,2.0,
QC_Night_2003361_aid0001,aid0001,2003-12-27,38,1649,50.0,,,927,2320,1.0,,,747.0,,
QC_Night_2004001_aid0001,aid0001,2004-01-01,39,1649,36.0,,,907,3038,7.0,1.0,,97.0,,
QC_Night_2004009_aid0001,aid0001,2004-01-09,102,1649,165.0,,,1004,2927,2.0,,,9.0,,
QC_Night_2004017_aid0001,aid0001,2004-01-17,159,1649,2.0,,,1244,2243,312.0,106.0,,141.0,8.0,13.0
QC_Night_2004025_aid0001,aid0001,2004-01-25,1732,1649,,,,1109,674,69.0,7.0,,612.0,26.0,1.0
QC_Night_2004033_aid0001,aid0001,2004-02-02,101,1649,17.0,10.0,,1164,2433,425.0,55.0,,2.0,2.0,
QC_Night_2004041_aid0001,aid0001,2004-02-10,73,1649,18.0,1.0,,1061,2657,185.0,9.0,,209.0,,
QC_Night_2004049_aid0001,aid0001,2004-02-18,34,1649,21.0,,,1041,2318,106.0,2.0,,664.0,11.0,
QC_Night_2004057_aid0001,aid0001,2004-02-26,12,1649,144.0,,,835,2949,3.0,,,4.0,,
QC_Night_2004065_aid0001,aid0001,2004-03-05,30,1649,75.0,,,885,2191,,,,764.0,,
QC_Night_2004073_aid0001,aid0001,2004-03-13,33,1649,294.0,,,945,2728,,,,115.0,,
QC_Night_2004081_aid0001,aid0001,2004-03-21,19,1649,178.0,,,946,2887,2.0,,,41.0,,
QC_Night_2004089_aid0001,aid0001,2004-03-29,95,1649,22.0,,,1037,1661,,,,1358.0,,
QC_Night_2004097_aid0001,aid0001,2004-04-06,24,1649,120.0,,,614,2803,,,1.0,284.0,,
QC_Night_2004105_aid0001,aid0001,2004-04-14,38,1649,14.0,,,798,2153,,,,958.0,,
QC_Night_2004113_aid0001,aid0001,2004-04-22,1419,1649,,,,762,1279,,,,718.0,,
QC_Night_2004121_aid0001,aid0001,2004-04-30,32,1649,30.0,,,904,2200,,,,883.0,,
QC_Night_2004129_aid0001,aid0001,2004-05-08,345,1649,268.0,,,755,2203,,,,352.0,,
QC_Night_2004137_aid0001,aid0001,2004-05-16,68,1649,22.0,,,908,2198,,,,760.0,,
QC_Night_2004145_aid0001,aid0001,2004-05-24,84,1649,72.0,,,865,1797,,,19.0,1185.0,,
QC_Night_2004153_aid0001,aid0001,2004-06-01,2051,1649,,,,840,386,,,,948.0,,
QC_Night_2004161_aid0001,aid0001,2004-06-09,103,1649,464.0,,,679,2108,,,12.0,432.0,,
QC_Night_2004169_aid0001,aid0001,2004-06-17,153,1649,40.0,,,895,1347,,,,1594.0,,
QC_Night_2004177_aid0001,aid0001,2004-06-25,209,1649,2.0,,,1034,854,,,,2085.0,,
QC_Night_2004185_aid0001,aid0001,2004-07-03,45,1649,52.0,,,926,2430,,,,618.0,,
QC_Night_2004193_aid0001,aid0001,2004-07-11,880,1649,,,,1027,558,,,59.0,1694.0,,
QC_Night_2004201_aid0001,aid0001,2004-07-19,1065,1649,41.0,,,901,1440,,,,632.0,,
QC_Night_2004209_aid0001,aid0001,2004-07-27,554,1649,456.0,,,383,1790,,,,345.0,,
QC_Night_2004217_aid0001,aid0001,2004-08-04,37,1649,1170.0,,,481,1833,,,,29.0,,
QC_Night_2004225_aid0001,aid0001,2004-08-12,699,1649,3.0,,,937,1267,,,4.0,1307.0,,
QC_Night_2004233_aid0001,aid0001,2004-08-20,26,1649,24.0,,,950,2368,,,,754.0,,
QC_Night_2004241_aid0001,aid0001,2004-08-28,21,1649,212.0,,,944,2712,,,4.0,205.0,,
QC_Night_2004249_aid0001,aid0001,2004-09-05,39,1649,115.0,,,834,2675,,,,298.0,,
QC_Night_2004257_aid0001,aid0001,2004-09-13,31,1649,64.0,,,975,2358,,,7.0,709.0,,
QC_Night_2004265_aid0001,aid0001,2004-09-21,23,1649,1537.0,,,315,1558,,,,,,
QC_Night_2004273_aid0001,aid0001,2004-09-29,28,1649,67.0,,,793,2587,4.0,,,493.0,,
QC_Night_2004281_aid0001,aid0001,2004-10-07,9,1649,279.0,,,801,2350,,,,507.0,,
QC_Night_2004289_aid0001,aid0001,2004-10-15,80,1649,48.0,,,969,2300,,,,713.0,,
QC_Night_2004297_aid0001,aid0001,2004-10-23,225,1649,208.0,,,1042,2448,,,,251.0,,
QC_Night_2004305_aid0001,aid0001,2004-10-31,73,1649,143.0,,,845,2115,,,,828.0,,
QC_Night_2004313_aid0001,aid0001,2004-11-08,25,1649,57.0,,,953,2683,,,,416.0,,
QC_Night_2004321_aid0001,aid0001,2004-11-16,32,1649,12.0,,,986,2638,,,2.0,515.0,,
QC_Night_2004329_aid0001,aid0001,2004-11-24,42,1649,126.0,1.0,,807,2270,1.0,,,695.0,,
QC_Night_2004337_aid0001,aid0001,2004-12-02,16,1649,141.0,,,659,2878,,,,116.0,,
QC_Night_2004345_aid0001,aid0001,2004-12-10,93,1649,5.0,,,1020,2013,,,,1074.0,,
QC_Night_2004353_aid0001,aid0001,2004-12-18,28,1649,49.0,,,954,3092,15.0,,,21.0,,
QC_Night_2004361_aid0001,aid0001,2004-12-26,188,1649,308.0,13.0,5.0,1022,2576,2.0,4.0,,41.0,,
QC_Night_2005001_aid0001,aid0001,2005-01-01,2510,1649,,3.0,,627,843,47.0,9.0,,187.0,,
QC_Night_2005009_aid0001,aid0001,2005-01-09,2378,1649,,,,744,867,1.0,,,237.0,,
QC_Night_2005017_aid0001,aid0001,2005-01-17,127,1649,28.0,,,1050,2753,7.0,,,265.0,,
QC_Night_2005025_aid0001,aid0001,2005-01-25,230,1649,,,,1151,1814,66.0,,,956.0,14.0,
QC_Night_2005033_aid0001,aid0001,2005-02-02,46,1649,44.0,13.0,5.0,1004,2501,296.0,14.0,,255.0,18.0,
QC_Night_2005041_aid0001,aid0001,2005-02-10,22,1649,474.0,12.0,,902,2645,47.0,,,,,
QC_Night_2005049_aid0001,aid0001,2005-02-18,111,1649,152.0,29.0,2.0,1147,2514,196.0,17.0,,,,
QC_Night_2005057_aid0001,aid0001,2005-02-26,196,1649,14.0,11.0,,1183,2272,460.0,60.0,,3.0,,
QC_Night_2005065_aid0001,aid0001,2005-03-06,28,1649,5.0,7.0,,1006,2649,370.0,33.0,,104.0,4.0,
QC_Night_2005073_aid0001,aid0001,2005-03-14,35,1649,12.0,,,967,2586,43.0,,,553.0,,
QC_Night_2005081_aid0001,aid0001,2005-03-22,29,1649,903.0,,,644,2149,,,,136.0,,
QC_Night_2005089_aid0001,aid0001,2005-03-30,62,1649,366.0,,,828,2287,,,,438.0,,
QC_Night_2005097_aid0001,aid0001,2005-04-07,15,1649,30.0,,,917,1492,,,,1602.0,,
QC_Night_2005105_aid0001,aid0001,2005-04-15,20,1649,26.0,,,855,1447,,,,1656.0,,
QC_Night_2005113_aid0001,aid0001,2005-04-23,86,1649,102.0,,,644,2409,,,1.0,530.0,,
QC_Night_2005121_aid0001,aid0001,2005-05-01,23,1649,54.0,,,901,2155,,,,956.0,,
QC_Night_2005129_aid0001,aid0001,2005-05-09,14,1649,38.0,,,886,1732,,,,1372.0,,
QC_Night_2005137_aid0001,aid0001,2005-05-17,398,1649,20.0,,,857,1466,,,,1325.0,,
QC_Night_2005145_aid0001,aid0001,2005-05-25,2064,1649,4.0,,,849,545,,,,740.0,,
QC_Night_2005153_aid0001,aid0001,2005-06-02,39,1649,1148.0,,,499,1877,,,,52.0,,
QC_Night_2005161_aid0001,aid0001,2005-06-10,80,1649,2072.0,,,394,945,,,,2.0,,
QC_Night_2005169_aid0001,aid0001,2005-06-18,61,1649,5.0,,,1077,1547,,,,1477.0,,
QC_Night_2005177_aid0001,aid0001,2005-06-26,59,1649,250.0,,,672,2700,,,,109.0,,
QC_Night_2005185_aid0001,aid0001,2005-07-04,399,1649,57.0,,,960,1451,,,1.0,1240.0,,
QC_Night_2005193_aid0001,aid0001,2005-07-12,116,1649,927.0,,,677,2103,,,1.0,32.0,,
QC_Night_2005201_aid0001,aid0001,2005-07-20,13,1649,895.0,,,300,2248,,,,,,
QC_Night_2005209_aid0001,aid0001,2005-07-28,26,1649,1133.0,,,383,1911,,,,63.0,,
QC_Night_2005217_aid0001,aid0001,2005-08-05,33,1649,2997.0,,,21,8,,,,,,
QC_Night_2005225_aid0001,aid0001,2005-08-13,79,1649,1837.0,,,175,1063,,,,9.0,,
QC_Night_2005233_aid0001,aid0001,2005-08-21,304,1649,90.0,,,1007,2278,,,,420.0,,
QC_Night_2005241_aid0001,aid0001,2005-08-29,42,1649,10.0,,,837,2202,,,,893.0,,
QC_Night_2005249_aid0001,aid0001,2005-09-06,17,1649,113.0,,,814,2749,,,,242.0,,
QC_Night_2005257_aid0001,aid0001,2005-09-14,26,1649,181.0,,,679,2960,,,1.0,11.0,,
QC_Night_2005265_aid0001,aid0001,2005-09-22,22,1649,48.0,,,930,2468,,,,610.0,,
QC_Night_2005273_aid0001,aid0001,2005-09-30,7,1649,32.0,,,939,2864,,,1.0,222.0,,
QC_Night_2005281_aid0001,aid0001,2005-10-08,2888,1649,,,,422,515,,1.0,,399.0,,2.0
QC_Night_2005289_aid0001,aid0001,2005-10-16,23,1649,49.0,,,844,2057,4.0,,,1038.0,,
QC_Night_2005297_aid0001,aid0001,2005-10-24,18,1649,341.0,6.0,,720,2706,4.0,,,41.0,,
QC_Night_2005305_aid0001,aid0001,2005-11-01,20,1649,275.0,,,432,2824,,,,27.0,,
QC_Night_2005313_aid0001,aid0001,2005-11-09,36,1649,220.0,,,915,2620,,,,234.0,,
QC_Night_2005321_aid0001,aid0001,2005-11-17,21,1649,84.0,,,878,2546,,,,494.0,,
QC_Night_2005329_aid0001,aid0001,2005-11-25,79,1649,17.0,,,971,2147,,,,854.0,,
QC_Night_2005337_aid0001,aid0001,2005-12-03,53,1649,136.0,,,1006,2953,,,,61.0,,
QC_Night_2005345_aid0001,aid0001,2005-12-11,90,1649,10.0,2.0,,1351,1974,228.0,16.0,,522.0,26.0,1.0
QC_Night_2005353_aid0001,aid0001,2005-12-19,43,1649,41.0,1.0,,1028,2993,16.0,,,55.0,,
QC_Night_2005361_aid0001,aid0001,2005-12-27,883,1649,,,,805,844,,14.0,,1677.0,,
QC_Night_2006001_aid0001,aid0001,2006-01-01,666,1649,195.0,,,1034,1598,,2.0,,716.0,,
QC_Night_2006009_aid0001,aid0001,2006-01-09,197,1649,5.0,,,1038,1628,,,,1317.0,,
QC_Night_2006017_aid0001,aid0001,2006-01-17,35,1649,440.0,,,844,2079,1.0,,,644.0,,
QC_Night_2006025_aid0001,aid0001,2006-01-25,24,1649,105.0,,,883,2920,,,,121.0,,
QC_Night_2006033_aid0001,aid0001,2006-02-02,16,1649,33.0,,,972,2772,,,,369.0,,
QC_Night_2006041_aid0001,aid0001,2006-02-10,530,1649,403.0,,,1008,1853,5.0,,,364.0,,
QC_Night_2006049_aid0001,aid0001,2006-02-18,28,1649,203.0,18.0,,966,2912,45.0,1.0,,1.0,,
QC_Night_2006057_aid0001,aid0001,2006-02-26,28,1649,490.0,,,962,2652,,,,,,
QC_Night_2006065_aid0001,aid0001,2006-03-06,120,1649,13.0,,,959,1992,2.0,,,1005.0,1.0,
QC_Night_2006073_aid0001,aid0001,2006-03-14,43,1649,93.0,,,1024,2904,,,,121.0,,
QC_Night_2006081_aid0001,aid0001,2006-03-22,500,1649,5.0,,,933,1235,,,,1462.0,,
QC_Night_2006089_aid0001,aid0001,2006-03-30,13,1649,61.0,,,832,2087,,,,1019.0,,
QC_Night_2006097_aid0001,aid0001,2006-04-07,26,1649,114.0,,,659,2706,,,,392.0,,
QC_Night_2006105_aid0001,aid0001,2006-04-15,166,1649,18.0,,,844,1161,,,,1847.0,,
QC_Night_2006113_aid0001,aid0001,2006-04-23,15,1649,94.0,,,678,2528,,,,485.0,,
QC_Night_2006121_aid0001,aid0001,2006-05-01,41,1649,156.0,,,641,2438,,,,561.0,,
QC_Night_2006129_aid0001,aid0001,2006-05-09,302,1649,157.0,,,988,2045,,,,622.0,,
QC_Night_2006137_aid0001,aid0001,2006-05-17,41,1649,9.0,,,1019,1073,,,,2017.0,,
QC_Night_2006145_aid0001,aid0001,2006-05-25,42,1649,90.0,,,938,2085,,,2.0,919.0,,
QC_Night_2006153_aid0001,aid0001,2006-06-02,2913,1649,,,,492,505,,,,321.0,,
QC_Night_2006161_aid0001,aid0001,2006-06-10,825,1649,6.0,,,1070,667,,,,1610.0,,
QC_Night_2006169_aid0001,aid0001,2006-06-18,73,1649,2442.0,,,422,552,,,,,,
QC_Night_2006177_aid0001,aid0001,2006-06-26,1688,1649,35.0,,,734,852,,,,772.0,,
QC_Night_2006185_aid0001,aid0001,2006-07-04,1080,1649,226.0,,,704,1799,,,,167.0,,
QC_Night_2006193_aid0001,aid0001,2006-07-12,11,1649,1517.0,,,391,1636,,,,3.0,,
QC_Night_2006201_aid0001,aid0001,2006-07-20,89,1649,1782.0,,,256,1241,,,,44.0,,
QC_Night_2006209_aid0001,aid0001,2006-07-28,10,1649,2486.0,,,164,701,,,5.0,,,
QC_Night_2006217_aid0001,aid0001,2006-08-05,15,1649,16.0,,,790,2431,,,,683.0,,
QC_Night_2006225_aid0001,aid0001,2006-08-13,42,1649,2.0,,,936,1440,,,,1676.0,,
QC_Night_2006233_aid0001,aid0001,2006-08-21,642,1649,492.0,,,690,1218,,,,817.0,,
QC_Night_2006241_aid0001,aid0001,2006-08-29,3889,1649,,,,139,157,,,,46.0,,
QC_Night_2006249_aid0001,aid0001,2006-09-06,380,1649,11.0,,,936,1011,,,,1828.0,,
QC_Night_2006257_aid0001,aid0001,2006-09-14,134,1649,17.0,,,1041,1283,,,,1673.0,,
QC_Night_2006265_aid0001,aid0001,2006-09-22,91,1649,20.0,,,930,1514,,,,1581.0,,
QC_Night_2006273_aid0001,aid0001,2006-09-30,129,1649,32.0,,,903,1767,,,,1302.0,,
QC_Night_2006281_aid0001,aid0001,2006-10-08,7,1649,89.0,,,683,2807,,,,259.0,,
QC_Night_2006289_aid0001,aid0001,2006-10-16,43,1649,20.0,,,897,2429,,,,652.0,,
QC_Night_2006297_aid0001,aid0001,2006-10-24,7,1649,83.0,,,873,2518,,,,549.0,,
QC_Night_2006305_aid0001,aid0001,2006-11-01,65,1649,70.0,,,809,2148,,,7.0,926.0,,
QC_Night_2006313_aid0001,aid0001,2006-11-09,56,1649,222.0,,,490,2595,,,,277.0,,
QC_Night_2006321_aid0001,aid0001,2006-11-17,201,1649,178.0,,,868,1381,,,,1393.0,,
QC_Night_2006329_aid0001,aid0001,2006-11-25,35,1649,69.0,,,682,2342,,,,689.0,,
QC_Night_2006337_aid0001,aid0001,2006-12-03,100,1649,85.0,,,949,2898,,,,137.0,,
QC_Night_2006345_aid0001,aid0001,2006-12-11,160,1649,28.0,,,907,1554,6.0,11.0,,1439.0,3.0,3.0
QC_Night_2006353_aid0001,aid0001,2006-12-19,15,1649,81.0,,,851,2642,,,,413.0,,
QC_Night_2006361_aid0001,aid0001,2006-12-27,43,1649,260.0,,,658,2678,,,,147.0,,
QC_Night_2007001_aid0001,aid0001,2007-01-01,73,1649,93.0,,,816,2434,,,,529.0,,
QC_Night_2007009_aid0001,aid0001,2007-01-09,49,1649,1106.0,,,685,2113,,,,,,
QC_Night_2007017_aid0001,aid0001,2007-01-17,30,1649,219.0,,,933,3008,,,,,,
QC_Night_2007025_aid0001,aid0001,2007-01-25,112,1649,312.0,,,946,2729,,,,63.0,,
QC_Night_2007033_aid0001,aid0001,2007-02-02,30,1649,466.0,7.0,,1062,2617,5.0,,,,,
QC_Night_2007041_aid0001,aid0001,2007-02-10,72,1649,342.0,,,1009,2767,15.0,,,7.0,,
QC_Night_2007049_aid0001,aid0001,2007-02-18,39,1649,227.0,2.0,,1067,2795,76.0,1.0,,,,
QC_Night_2007057_aid0001,aid0001,2007-02-26,74,1649,59.0,4.0,2.0,913,2417,17.0,5.0,,545.0,2.0,
QC_Night_2007065_aid0001,aid0001,2007-03-06,29,1649,54.0,,,1006,3086,,,,6.0,,
QC_Night_2007073_aid0001,aid0001,2007-03-14,76,1649,11.0,,,1022,2127,49.0,7.0,1.0,915.0,2.0,2.0
QC_Night_2007081_aid0001,aid0001,2007-03-22,131,1649,37.0,,,880,2137,18.0,,,884.0,2.0,
QC_Night_2007089_aid0001,aid0001,2007-03-30,37,1649,87.0,,,782,2532,,,2.0,500.0,,
QC_Night_2007097_aid0001,aid0001,2007-04-07,18,1649,44.0,,,998,2419,,,,664.0,,
QC_Night_2007105_aid0001,aid0001,2007-04-15,137,1649,158.0,,,740,1774,,,,1062.0,,
QC_Night_2007113_aid0001,aid0001,2007-04-23,237,1649,27.0,,,826,1688,,,,1195.0,,
QC_Night_2007121_aid0001,aid0001,2007-05-01,27,1649,131.0,,,670,2167,,,,827.0,,
QC_Night_2007129_aid0001,aid0001,2007-05-09,46,1649,52.0,,,784,2342,,,,687.0,,
QC_Night_2007137_aid0001,aid0001,2007-05-17,872,1649,,,,978,777,,,2.0,1532.0,,
QC_Night_2007145_aid0001,aid0001,2007-05-25,80,1649,23.0,,,882,1630,,,,1418.0,,
QC_Night_2007153_aid0001,aid0001,2007-06-02,507,1649,7.0,,,925,1788,,,,906.0,,
QC_Night_2007161_aid0001,aid0001,2007-06-10,1519,1649,,,,951,843,,,,914.0,,
QC_Night_2007169_aid0001,aid0001,2007-06-18,802,1649,,,,1072,849,,,3.0,1495.0,,
QC_Night_2007177_aid0001,aid0001,2007-06-26,18,1649,42.0,,,978,2285,,,,773.0,,
QC_Night_2007185_aid0001,aid0001,2007-07-04,194,1649,1063.0,,,425,1776,,,,54.0,,
QC_Night_2007193_aid0001,aid0001,2007-07-12,65,1649,1657.0,,,370,1304,,,,24.0,,
QC_Night_2007201_aid0001,aid0001,2007-07-20,1006,1649,3.0,,,1030,1429,,,,728.0,,
QC_Night_2007209_aid0001,aid0001,2007-07-28,23,1649,1463.0,,,94,1709,,,,,,
QC_Night_2007217_aid0001,aid0001,2007-08-05,19,1649,267.0,,,332,2915,,,2.0,,,
QC_Night_2007225_aid0001,aid0001,2007-08-13,34,1649,386.0,,,747,2565,,,,173.0,,
QC_Night_2007233_aid0001,aid0001,2007-08-21,109,1649,1939.0,,,319,1054,,,,11.0,,
QC_Night_2007241_aid0001,aid0001,2007-08-29,48,1649,30.0,,,998,2146,,,,905.0,,
QC_Night_2007249_aid0001,aid0001,2007-09-06,14,1649,148.0,,,617,2558,,,,457.0,,
QC_Night_2007257_aid0001,aid0001,2007-09-14,46,1649,60.0,,,935,2051,,,,971.0,,
QC_Night_2007265_aid0001,aid0001,2007-09-22,8,1649,332.0,,,228,2751,,,,,,
QC_Night_2007273_aid0001,aid0001,2007-09-30,20,1649,98.0,,,849,2355,,,,676.0,,
QC_Night_2007281_aid0001,aid0001,2007-10-08,57,1649,287.0,,,894,2522,,,,281.0,,
QC_Night_2007289_aid0001,aid0001,2007-10-16,51,1649,111.0,,,691,2381,,,,624.0,,
QC_Night_2007297_aid0001,aid0001,2007-10-24,25,1649,66.0,,,816,2848,,,,278.0,,
QC_Night_2007305_aid0001,aid0001,2007-11-01,10,1649,161.0,,,520,2975,,,,103.0,,
QC_Night_2007313_aid0001,aid0001,2007-11-09,45,1649,207.0,,,927,2406,,,1.0,390.0,,
QC_Night_2007321_aid0001,aid0001,2007-11-17,28,1649,97.0,,,914,2770,4.0,,,242.0,,
QC_Night_2007329_aid0001,aid0001,2007-11-25,83,1649,1198.0,,,858,1696,1.0,,,81.0,,
QC_Night_2007337_aid0001,aid0001,2007-12-03,54,1649,22.0,,,1057,3039,3.0,,,32.0,,
QC_Night_2007345_aid0001,aid0001,2007-12-11,73,1649,3.0,,,942,1827,39.0,,7.0,1326.0,4.0,
QC_Night_2007353_aid0001,aid0001,2007-12-19,61,1649,154.0,18.0,3.0,1074,1990,94.0,1.0,,752.0,3.0,
QC_Night_2007361_aid0001,aid0001,2007-12-27,1463,1649,18.0,,,699,916,1.0,,,1090.0,,
QC_Night_2008001_aid0001,aid0001,2008-01-01,48,1649,99.0,,,1001,3023,3.0,,,35.0,,
QC_Night_2008009_aid0001,aid0001,2008-01-09,674,1649,,,,971,2520,,,,45.0,,
QC_Night_2008017_aid0001,aid0001,2008-01-17,37,1649,14.0,,,1027,3085,,,,42.0,,
QC_Night_2008025_aid0001,aid0001,2008-01-25,45,1649,593.0,,,913,2606,,,,,,
QC_Night_2008033_aid0001,aid0001,2008-02-02,48,1649,475.0,,,978,2050,,,,526.0,,
QC_Night_2008041_aid0001,aid0001,2008-02-10,83,1649,105.0,,,987,2314,,,3.0,719.0,,
QC_Night_2008049_aid0001,aid0001,2008-02-18,38,1649,459.0,,,954,2681,1.0,,,8.0,,
QC_Night_2008057_aid0001,aid0001,2008-02-26,19,1649,26.0,8.0,,990,2921,199.0,3.0,,27.0,,
QC_Night_2008065_aid0001,aid0001,2008-03-05,25,1649,221.0,2.0,,965,2363,5.0,,,523.0,,
QC_Night_2008073_aid0001,aid0001,2008-03-13,70,1649,347.0,,,847,2546,,,,120.0,,
QC_Night_2008081_aid0001,aid0001,2008-03-21,13,1649,1185.0,,,722,2017,,,,17.0,,
QC_Night_2008089_aid0001,aid0001,2008-03-29,31,1649,544.0,,,863,2562,,,,23.0,,
QC_Night_2008097_aid0001,aid0001,2008-04-06,1097,1649,,,,960,1065,,,,1099.0,,
QC_Night_2008105_aid0001,aid0001,2008-04-14,7,1649,80.0,,,716,2062,,,,1044.0,,
QC_Night_2008113_aid0001,aid0001,2008-04-22,206,1649,152.0,,,779,1611,,,,1136.0,,
QC_Night_2008121_aid0001,aid0001,2008-04-30,25,1649,81.0,,,713,2454,,,,632.0,,
QC_Night_2008129_aid0001,aid0001,2008-05-08,134,1649,138.0,,,599,1885,,,,901.0,,
QC_Night_2008137_aid0001,aid0001,2008-05-16,98,1649,5.0,,,935,1161,,,18.0,1937.0,,
QC_Night_2008145_aid0001,aid0001,2008-05-24,92,1649,55.0,,,794,1618,,,,1355.0,,
QC_Night_2008153_aid0001,aid0001,2008-06-01,461,1649,216.0,,,1023,1730,,,,670.0,,
QC_Night_2008161_aid0001,aid0001,2008-06-09,28,1649,831.0,,,595,2165,,,,45.0,,
QC_Night_2008169_aid0001,aid0001,2008-06-17,1239,1649,1.0,,,952,479,,,,1526.0,,
QC_Night_2008177_aid0001,aid0001,2008-06-25,1292,1649,10.0,,,1077,1111,,,,723.0,,
QC_Night_2008185_aid0001,aid0001,2008-07-03,32,1649,926.0,,,545,2137,,,4.0,8.0,,
QC_Night_2008193_aid0001,aid0001,2008-07-11,35,1649,120.0,,,527,2936,,,,49.0,,
QC_Night_2008201_aid0001,aid0001,2008-07-19,23,1649,1222.0,,,532,1833,,,,25.0,,
QC_Night_2008209_aid0001,aid0001,2008-07-27,56,1649,295.0,,,738,2379,,,,341.0,,
QC_Night_2008217_aid0001,aid0001,2008-08-04,2145,1649,,,,917,288,,,,879.0,,
QC_Night_2008225_aid0001,aid0001,2008-08-12,1067,1649,,,,1022,1460,,,,644.0,,
QC_Night_2008233_aid0001,aid0001,2008-08-20,41,1649,1.0,,,1056,1865,,,2.0,1236.0,,
QC_Night_2008241_aid0001,aid0001,2008-08-28,38,1649,108.0,,,719,2391,,,,545.0,,
QC_Night_2008249_aid0001,aid0001,2008-09-05,684,1649,,,,983,516,,,50.0,1994.0,,
QC_Night_2008257_aid0001,aid0001,2008-09-13,144,1649,174.0,,,995,1800,,,,1010.0,,
QC_Night_2008265_aid0001,aid0001,2008-09-21,38,1649,20.0,,,973,1490,,,6.0,1614.0,,
QC_Night_2008273_aid0001,aid0001,2008-09-29,37,1649,18.0,,,1008,1772,,,,1327.0,,
QC_Night_2008281_aid0001,aid0001,2008-10-07,12,1649,23.0,,,912,2338,,,3.0,756.0,,
QC_Night_2008289_aid0001,aid0001,2008-10-15,19,1649,15.0,,,970,1990,,,,1138.0,,
QC_Night_2008297_aid0001,aid0001,2008-10-23,30,1649,51.0,,,812,2569,9.0,,1.0,520.0,1.0,
QC_Night_2008305_aid0001,aid0001,2008-10-31,65,1649,427.0,,,629,2273,1.0,,,423.0,,
QC_Night_2008313_aid0001,aid0001,2008-11-08,350,1649,36.0,,,903,1603,,,,1205.0,,
QC_Night_2008321_aid0001,aid0001,2008-11-16,25,1649,205.0,,,956,2960,,,,7.0,,
QC_Night_2008329_aid0001,aid0001,2008-11-24,36,1649,6.0,,,1025,2346,,,,749.0,,
QC_Night_2008337_aid0001,aid0001,2008-12-02,23,1649,149.0,,,903,2990,,,,72.0,,
QC_Night_2008345_aid0001,aid0001,2008-12-10,61,1649,121.0,,,921,2849,3.0,,6.0,85.0,,
QC_Night_2008353_aid0001,aid0001,2008-12-18,3641,1649,,,,161,85,,,,344.0,,
QC_Night_2008361_aid0001,aid0001,2008-12-26,948,1649,,,,1002,554,7.0,,2.0,1710.0,6.0,
QC_Night_2009001_aid0001,aid0001,2009-01-01,303,1649,334.0,,,1006,2554,2.0,2.0,,7.0,,
QC_Night_2009009_aid0001,aid0001,2009-01-09,122,1649,58.0,8.0,2.0,1061,2716,188.0,9.0,,35.0,,1.0
QC_Night_2009017_aid0001,aid0001,2009-01-17,94,1649,73.0,13.0,11.0,967,2823,204.0,5.0,,,,
QC_Night_2009025_aid0001,aid0001,2009-01-25,178,1649,,,,1136,2572,201.0,27.0,,105.0,2.0,9.0
QC_Night_2009033_aid0001,aid0001,2009-02-02,76,1649,11.0,2.0,1.0,1238,2358,125.0,3.0,,394.0,10.0,3.0
QC_Night_2009041_aid0001,aid0001,2009-02-10,26,1649,539.0,21.0,,995,2486,54.0,,,,,
QC_Night_2009049_aid0001,aid0001,2009-02-18,22,1649,66.0,1.0,,1086,3001,15.0,,,5.0,,
QC_Night_2009057_aid0001,aid0001,2009-02-26,135,1649,9.0,,,1160,2425,258.0,102.0,,98.0,9.0,1.0
QC_Night_2009065_aid0001,aid0001,2009-03-06,66,1649,338.0,128.0,113.0,547,2203,111.0,61.0,,67.0,6.0,
QC_Night_2009073_aid0001,aid0001,2009-03-14,32,1649,143.0,,,846,2660,,,,321.0,,
QC_Night_2009081_aid0001,aid0001,2009-03-22,37,1649,1378.0,,,775,1781,,,,,,
QC_Night_2009089_aid0001,aid0001,2009-03-30,647,1649,23.0,,,1021,1197,,,,1299.0,,
QC_Night_2009097_aid0001,aid0001,2009-04-07,15,1649,109.0,,,811,2590,1.0,,,447.0,,
QC_Night_2009105_aid0001,aid0001,2009-04-15,111,1649,108.0,,,699,2049,,,,874.0,,
QC_Night_2009113_aid0001,aid0001,2009-04-23,36,1649,10.0,,,973,2143,,,,946.0,,
QC_Night_2009121_aid0001,aid0001,2009-05-01,817,1649,26.0,,,641,1286,,,,1243.0,,
QC_Night_2009129_aid0001,aid0001,2009-05-09,250,1649,6.0,,,885,1006,,,,1887.0,,
QC_Night_2009137_aid0001,aid0001,2009-05-17,34,1649,47.0,,,984,2053,,,2.0,977.0,,
QC_Night_2009145_aid0001,aid0001,2009-05-25,126,1649,24.0,,,868,1393,,,,1485.0,,
QC_Night_2009153_aid0001,aid0001,2009-06-02,75,1649,164.0,,,611,2773,,,,87.0,,
QC_Night_2009161_aid0001,aid0001,2009-06-10,1181,1649,,,,943,314,,,,1775.0,,
QC_Night_2009169_aid0001,aid0001,2009-06-18,2774,1649,,,,289,295,,,83.0,790.0,,
QC_Night_2009177_aid0001,aid0001,2009-06-26,411,1649,870.0,,,456,1731,,,,217.0,,
QC_Night_2009185_aid0001,aid0001,2009-07-04,1300,1649,,,,995,416,,,,1514.0,,
QC_Night_2009193_aid0001,aid0001,2009-07-12,695,1649,2.0,,,1070,582,,,,1861.0,,
QC_Night_2009201_aid0001,aid0001,2009-07-20,3062,1649,,,,463,493,,,18.0,195.0,,
QC_Night_2009209_aid0001,aid0001,2009-07-28,98,1649,97.0,,,675,2262,,,,645.0,,
QC_Night_2009217_aid0001,aid0001,2009-08-05,2029,1649,1.0,,,541,560,,,,1073.0,,
QC_Night_2009225_aid0001,aid0001,2009-08-13,13,1649,1243.0,,,63,1897,,,,,,
QC_Night_2009233_aid0001,aid0001,2009-08-21,159,1649,154.0,,,980,2343,,,4.0,480.0,,
QC_Night_2009241_aid0001,aid0001,2009-08-29,101,1649,19.0,,,939,1351,,,,1704.0,,
QC_Night_2009249_aid0001,aid0001,2009-09-06,2378,1649,,,,797,325,,,,727.0,,
QC_Night_2009257_aid0001,aid0001,2009-09-14,20,1649,32.0,,,869,1740,,,,1388.0,,
QC_Night_2009265_aid0001,aid0001,2009-09-22,129,1649,28.0,,,905,1754,,,,1240.0,,
QC_Night_2009273_aid0001,aid0001,2009-09-30,43,1649,26.0,,,953,1571,,,,1588.0,,
QC_Night_2009281_aid0001,aid0001,2009-10-08,1084,1649,,,,856,2025,3.0,,,256.0,,
QC_Night_2009289_aid0001,aid0001,2009-10-16,150,1649,260.0,25.0,,904,2502,74.0,21.0,,72.0,,
QC_Night_2009297_aid0001,aid0001,2009-10-24,32,1649,577.0,,,616,2458,3.0,,,83.0,,
QC_Night_2009305_aid0001,aid0001,2009-11-01,15,1649,162.0,,,900,2891,,,,107.0,,
QC_Night_2009313_aid0001,aid0001,2009-11-09,51,1649,254.0,,,589,2599,1.0,,,156.0,,
QC_Night_2009321_aid0001,aid0001,2009-11-17,58,1649,53.0,,,922,2715,,,,334.0,,
QC_Night_2009329_aid0001,aid0001,2009-11-25,29,1649,100.0,,,904,2693,,,2.0,297.0,,
QC_Night_2009337_aid0001,aid0001,2009-12-03,50,1649,81.0,,,803,2445,3.0,,,541.0,,
QC_Night_2009345_aid0001,aid0001,2009-12-11,17,1649,19.0,,,956,3165,,,,2.0,,
QC_Night_2009353_aid0001,aid0001,2009-12-19,233,1649,45.0,21.0,5.0,1009,2061,269.0,40.0,,492.0,15.0,8.0
QC_Night_2009361_aid0001,aid0001,2009-12-27,81,1649,647.0,48.0,,926,2050,175.0,7.0,,85.0,,1.0
QC_Night_2010001_aid0001,aid0001,2010-01-01,60,1649,18.0,,,995,3124,11.0,,,11.0,,
QC_Night_2010009_aid0001,aid0001,2010-01-09,40,1649,54.0,1.0,,1021,3078,3.0,,,17.0,,
QC_Night_2010017_aid0001,aid0001,2010-01-17,50,1649,334.0,,,982,2745,2.0,,,11.0,,
QC_Night_2010025_aid0001,aid0001,2010-01-25,31,1649,389.0,,,952,2738,,,,2.0,,
QC_Night_2010033_aid0001,aid0001,2010-02-02,58,1649,328.0,,,907,2842,17.0,,,1.0,,
QC_Night_2010041_aid0001,aid0001,2010-02-10,784,1649,,,,1158,2136,124.0,29.0,,,,
QC_Night_2010049_aid0001,aid0001,2010-02-18,88,1649,12.0,9.0,,1296,2036,440.0,4.0,,273.0,41.0,6.0
QC_Night_2010057_aid0001,aid0001,2010-02-26,64,1649,39.0,8.0,,1149,2091,392.0,34.0,,395.0,16.0,7.0
QC_Night_2010065_aid0001,aid0001,2010-03-06,30,1649,64.0,7.0,,868,2014,65.0,1.0,,1003.0,2.0,
QC_Night_2010073_aid0001,aid0001,2010-03-14,108,1649,194.0,2.0,,638,2383,,,,463.0,,
QC_Night_2010081_aid0001,aid0001,2010-03-22,55,1649,538.0,,,685,2179,,,,368.0,,
QC_Night_2010089_aid0001,aid0001,2010-03-30,349,1649,266.0,,,726,1495,,,,1104.0,,
QC_Night_2010097_aid0001,aid0001,2010-04-07,26,1649,94.0,,,810,2642,,,2.0,415.0,,
QC_Night_2010105_aid0001,aid0001,2010-04-15,143,1649,55.0,,,730,1641,,,,1304.0,,
QC_Night_2010113_aid0001,aid0001,2010-04-23,28,1649,102.0,,,617,2450,,,,661.0,,
QC_Night_2010121_aid0001,aid0001,2010-05-01,76,1649,35.0,,,859,1772,,,,1275.0,,
QC_Night_2010129_aid0001,aid0001,2010-05-09,31,1649,11.0,,,952,1994,,,,1107.0,,
QC_Night_2010137_aid0001,aid0001,2010-05-17,55,1649,52.0,,,935,2842,,,,172.0,,
QC_Night_2010145_aid0001,aid0001,2010-05-25,11,1649,14.0,,,907,2619,,,,486.0,,
QC_Night_2010153_aid0001,aid0001,2010-06-02,955,1649,,,,1066,705,,,2.0,1479.0,,
QC_Night_2010161_aid0001,aid0001,2010-06-10,839,1649,13.0,,,827,1854,,,3.0,498.0,,
QC_Night_2010169_aid0001,aid0001,2010-06-18,13,1649,75.0,,,877,3040,,,,16.0,,
QC_Night_2010177_aid0001,aid0001,2010-06-26,34,1649,1369.0,,,897,1581,,,,98.0,,
QC_Night_2010185_aid0001,aid0001,2010-07-04,11,1649,2426.0,,,257,712,,,,,,
QC_Night_2010193_aid0001,aid0001,2010-07-12,61,1649,1182.0,,,373,1817,,,4.0,3.0,,
QC_Night_2010201_aid0001,aid0001,2010-07-20,64,1649,630.0,4.0,,416,2420,19.0,,,3.0,,
QC_Night_2010209_aid0001,aid0001,2010-07-28,20,1649,1439.0,,,538,1642,,,,,,
QC_Night_2010217_aid0001,aid0001,2010-08-05,258,1649,396.0,,,771,2351,,,,93.0,,
QC_Night_2010225_aid0001,aid0001,2010-08-13,366,1649,438.0,,,521,1922,,,,418.0,,
QC_Night_2010233_aid0001,aid0001,2010-08-21,80,1649,26.0,,,846,2357,13.0,,,704.0,1.0,
QC_Night_2010241_aid0001,aid0001,2010-08-29,11,1649,210.0,,,389,2908,,,2.0,,,
QC_Night_2010249_aid0001,aid0001,2010-09-06,605,1649,,,,1055,723,,,,1828.0,,
QC_Night_2010257_aid0001,aid0001,2010-09-14,23,1649,12.0,,,963,1158,,,1.0,1993.0,,
QC_Night_2010265_aid0001,aid0001,2010-09-22,20,1649,438.0,,,544,2614,,,,55.0,,
QC_Night_2010273_aid0001,aid0001,2010-09-30,53,1649,300.0,,,912,1990,,,,768.0,,
QC_Night_2010281_aid0001,aid0001,2010-10-08,12,1649,111.0,,,784,2381,,,,662.0,,
QC_Night_2010289_aid0001,aid0001,2010-10-16,14,1649,92.0,,,861,2410,4.0,,,658.0,,
QC_Night_2010297_aid0001,aid0001,2010-10-24,50,1649,46.0,,,811,2391,,,,609.0,,
QC_Night_2010305_aid0001,aid0001,2010-11-01,18,1649,95.0,,,690,2848,,,,250.0,,
QC_Night_2010313_aid0001,aid0001,2010-11-09,14,1649,34.0,,,883,2320,,,,757.0,,
QC_Night_2010321_aid0001,aid0001,2010-11-17,48,1649,31.0,,,931,2600,,,,460.0,,
QC_Night_2010329_aid0001,aid0001,2010-11-25,73,1649,31.0,,,940,2072,,,,994.0,,
QC_Night_2010337_aid0001,aid0001,2010-12-03,35,1649,38.0,,,1007,3124,,,,12.0,,
QC_Night_2010345_aid0001,aid0001,2010-12-11,75,1649,10.0,,,981,3138,,,,18.0,,
QC_Night_2010353_aid0001,aid0001,2010-12-19,22,1649,27.0,,,1027,2987,,,,129.0,,
QC_Night_2010361_aid0001,aid0001,2010-12-27,169,1649,,,,968,3065,16.0,,,4.0,,
QC_Night_2011001_aid0001,aid0001,2011-01-01,78,1649,46.0,7.0,,1117,2456,401.0,17.0,,56.0,1.0,
QC_Night_2011009_aid0001,aid0001,2011-01-09,244,1649,30.0,17.0,1.0,1111,2467,280.0,32.0,,10.0,,
QC_Night_2011017_aid0001,aid0001,2011-01-17,126,1649,13.0,18.0,,1382,1882,582.0,85.0,,103.0,8.0,
QC_Night_2011025_aid0001,aid0001,2011-01-25,1468,1649,1.0,3.0,1.0,1072,1266,280.0,63.0,,65.0,,3.0
QC_Night_2011033_aid0001,aid0001,2011-02-02,193,1649,2.0,1.0,,1130,2392,287.0,68.0,,132.0,10.0,8.0
QC_Night_2011041_aid0001,aid0001,2011-02-10,62,1649,453.0,175.0,3.0,917,1954,447.0,14.0,,44.0,9.0,
QC_Night_2011049_aid0001,aid0001,2011-02-18,75,1649,32.0,23.0,1.0,1254,2467,297.0,39.0,,9.0,,
QC_Night_2011057_aid0001,aid0001,2011-02-26,24,1649,557.0,57.0,,989,2333,183.0,,,13.0,,
QC_Night_2011065_aid0001,aid0001,2011-03-06,25,1649,386.0,1.0,,932,2272,1.0,,4.0,457.0,,
QC_Night_2011073_aid0001,aid0001,2011-03-14,35,1649,866.0,,,832,1972,,,,279.0,,
QC_Night_2011081_aid0001,aid0001,2011-03-22,17,1649,915.0,,,905,2224,,,,,,
QC_Night_2011089_aid0001,aid0001,2011-03-30,35,1649,573.0,,,709,2129,1.0,,,452.0,,
QC_Night_2011097_aid0001,aid0001,2011-04-07,146,1649,234.0,,,632,1945,,,,842.0,,
QC_Night_2011105_aid0001,aid0001,2011-04-15,405,1649,58.0,,,707,1907,,,,812.0,,
QC_Night_2011113_aid0001,aid0001,2011-04-23,1449,1649,,,,629,653,,,110.0,1386.0,,
QC_Night_2011121_aid0001,aid0001,2011-05-01,41,1649,30.0,,,786,2229,,,,849.0,,
QC_Night_2011129_aid0001,aid0001,2011-05-09,207,1649,5.0,,,1008,1239,,,,1693.0,,
QC_Night_2011137_aid0001,aid0001,2011-05-17,2299,1649,,,,709,485,,,,733.0,,
QC_Night_2011145_aid0001,aid0001,2011-05-25,265,1649,1485.0,,,720,1147,,,,200.0,,
QC_Night_2011153_aid0001,aid0001,2011-06-02,15,1649,78.0,,,755,2645,,,,395.0,,
QC_Night_2011161_aid0001,aid0001,2011-06-10,2101,1649,,,,828,510,,,1.0,789.0,,
QC_Night_2011169_aid0001,aid0001,2011-06-18,1489,1649,,,,1062,792,,,,843.0,,
QC_Night_2011177_aid0001,aid0001,2011-06-26,143,1649,5.0,,,1062,1148,,,,1832.0,,
QC_Night_2011185_aid0001,aid0001,2011-07-04,24,1649,603.0,,,590,2495,,,,13.0,,
QC_Night_2011193_aid0001,aid0001,2011-07-12,13,1649,859.0,,,605,2239,,,,7.0,,
QC_Night_2011201_aid0001,aid0001,2011-07-20,17,1649,2312.0,,,177,839,,,,,,
QC_Night_2011209_aid0001,aid0001,2011-07-28,49,1649,327.0,,,608,2265,,,7.0,433.0,,
QC_Night_2011217_aid0001,aid0001,2011-08-05,535,1649,477.0,,,1003,1877,,,,255.0,,
QC_Night_2011225_aid0001,aid0001,2011-08-13,493,1649,,,,964,808,,,,1872.0,,
QC_Night_2011233_aid0001,aid0001,2011-08-21,1545,1649,,,,1035,1111,,,,514.0,,
QC_Night_2011241_aid0001,aid0001,2011-08-29,52,1649,643.0,,,852,2221,,,,172.0,,
QC_Night_2011249_aid0001,aid0001,2011-09-06,1253,1649,,,,974,1511,,,,486.0,,
QC_Night_2011257_aid0001,aid0001,2011-09-14,48,1649,11.0,,,1013,2244,,,,856.0,,
QC_Night_2011265_aid0001,aid0001,2011-09-22,2963,1649,,,,400,317,,,,505.0,,
QC_Night_2011273_aid0001,aid0001,2011-09-30,91,1649,29.0,,,894,1942,,,,1085.0,,
QC_Night_2011281_aid0001,aid0001,2011-10-08,23,1649,197.0,,,363,2842,,,,162.0,,
QC_Night_2011289_aid0001,aid0001,2011-10-16,548,1649,22.0,,,925,1395,,,,1225.0,,
QC_Night_2011297_aid0001,aid0001,2011-10-24,914,1649,,,,933,592,,,,1788.0,,
QC_Night_2011305_aid0001,aid0001,2011-11-01,9,1649,318.0,,,557,2790,7.0,,,10.0,,
QC_Night_2011313_aid0001,aid0001,2011-11-09,16,1649,129.0,,,536,2929,,,,88.0,,
QC_Night_2011321_aid0001,aid0001,2011-11-17,128,1649,39.0,,,862,1855,,,,1180.0,,
QC_Night_2011329_aid0001,aid0001,2011-11-25,24,1649,96.0,,,599,2687,,,,408.0,,
QC_Night_2011337_aid0001,aid0001,2011-12-03,87,1649,835.0,,,445,1982,,,,177.0,,
QC_Night_2011345_aid0001,aid0001,2011-12-11,71,1649,1129.0,,,871,1900,,,,54.0,,
QC_Night_2011353_aid0001,aid0001,2011-12-19,30,1649,910.0,,,866,2080,,,,147.0,,
QC_Night_2011361_aid0001,aid0001,2011-12-27,107,1649,14.0,,,928,2701,,,,357.0,,
QC_Night_2012001_aid0001,aid0001,2012-01-01,23,1649,63.0,,,958,2331,,,,722.0,,
QC_Night_2012009_aid0001,aid0001,2012-01-09,29,1649,212.0,,,907,2853,,,,136.0,,
QC_Night_2012017_aid0001,aid0001,2012-01-17,42,1649,137.0,,,757,2945,,,,24.0,,
QC_Night_2012025_aid0001,aid0001,2012-01-25,12,1649,180.0,,,779,2903,,,,137.0,,
QC_Night_2012033_aid0001,aid0001,2012-02-02,20,1649,85.0,,,878,2704,,,,377.0,,
QC_Night_2012041_aid0001,aid0001,2012-02-10,18,1649,678.0,,,923,2344,,,,32.0,,
QC_Night_2012049_aid0001,aid0001,2012-02-18,29,1649,928.0,,,901,2057,,,,95.0,,
QC_Night_2012057_aid0001,aid0001,2012-02-26,25,1649,61.0,,,870,2712,,,,383.0,,
QC_Night_2012065_aid0001,aid0001,2012-03-05,24,1649,89.0,,,969,2683,,,,332.0,,
QC_Night_2012073_aid0001,aid0001,2012-03-13,15,1649,43.0,,,692,2879,,,,222.0,,
QC_Night_2012081_aid0001,aid0001,2012-03-21,29,1649,742.0,,,715,1400,,,,913.0,,
QC_Night_2012089_aid0001,aid0001,2012-03-29,16,1649,923.0,,,416,2219,,,,11.0,,
QC_Night_2012097_aid0001,aid0001,2012-04-06,94,1649,45.0,,,849,1732,,,,1319.0,,
QC_Night_2012105_aid0001,aid0001,2012-04-14,17,1649,65.0,,,808,2731,,,,265.0,,
QC_Night_2012113_aid0001,aid0001,2012-04-22,79,1649,237.0,,,422,2750,,,,79.0,,
QC_Night_2012121_aid0001,aid0001,2012-04-30,22,1649,71.0,,,777,2919,,,,176.0,,
QC_Night_2012129_aid0001,aid0001,2012-05-08,145,1649,293.0,,,525,2286,,,,348.0,,
QC_Night_2012137_aid0001,aid0001,2012-05-16,43,1649,23.0,,,905,1537,,,,1559.0,,
QC_Night_2012145_aid0001,aid0001,2012-05-24,24,1649,848.0,,,548,2210,,,,20.0,,
QC_Night_2012153_aid0001,aid0001,2012-06-01,2242,1649,,,,678,392,,,,919.0,,
QC_Night_2012161_aid0001,aid0001,2012-06-09,227,1649,,,,1115,642,,,,2209.0,,
QC_Night_2012169_aid0001,aid0001,2012-06-17,17,1649,483.0,,,720,2638,,,,15.0,,
QC_Night_2012177_aid0001,aid0001,2012-06-25,12,1649,566.0,,,609,2419,,,4.0,141.0,,
QC_Night_2012185_aid0001,aid0001,2012-07-03,91,1649,432.0,,,595,2512,,,,93.0,,
QC_Night_2012193_aid0001,aid0001,2012-07-11,1652,1649,959.0,,,441,910,,,,20.0,,
QC_Night_2012201_aid0001,aid0001,2012-07-19,257,1649,206.0,,,314,2423,,,,293.0,,
QC_Night_2012209_aid0001,aid0001,2012-07-27,68,1649,889.0,,,618,1797,,,,333.0,,
QC_Night_2012217_aid0001,aid0001,2012-08-04,92,1649,700.0,,,374,2241,,,,54.0,,
QC_Night_2012225_aid0001,aid0001,2012-08-12,53,1649,37.0,,,845,2401,,,,637.0,,
QC_Night_2012233_aid0001,aid0001,2012-08-20,2487,1649,,,,765,529,,,,445.0,,
QC_Night_2012241_aid0001,aid0001,2012-08-28,30,1649,276.0,,,436,2712,,,,155.0,,
QC_Night_2012249_aid0001,aid0001,2012-09-05,9,1649,253.0,,,786,2810,,,,44.0,,
QC_Night_2012257_aid0001,aid0001,2012-09-13,48,1649,52.0,,,899,1921,,,,1158.0,,
QC_Night_2012265_aid0001,aid0001,2012-09-21,366,1649,37.0,,,931,1168,,,,1606.0,,
QC_Night_2012273_aid0001,aid0001,2012-09-29,45,1649,42.0,,,828,2361,,,,687.0,,
QC_Night_2012281_aid0001,aid0001,2012-10-07,73,1649,23.0,,,916,1732,,,,1356.0,,
QC_Night_2012289_aid0001,aid0001,2012-10-15,13,1649,226.0,,,936,2180,,,,703.0,,
QC_Night_2012297_aid0001,aid0001,2012-10-23,1440,1649,,,,837,1069,,,,883.0,,
QC_Night_2012305_aid0001,aid0001,2012-10-31,33,1649,1065.0,12.0,,797,1928,1.0,,,161.0,,
QC_Night_2012313_aid0001,aid0001,2012-11-08,17,1649,12.0,2.0,,945,2701,22.0,,,448.0,1.0,
QC_Night_2012321_aid0001,aid0001,2012-11-16,13,1649,230.0,,,701,2869,1.0,,,67.0,,
QC_Night_2012329_aid0001,aid0001,2012-11-24,24,1649,110.0,,,950,2727,,,,335.0,,
QC_Night_2012337_aid0001,aid0001,2012-12-02,47,1649,78.0,10.0,,781,2438,,1.0,,564.0,,
QC_Night_2012345_aid0001,aid0001,2012-12-10,201,1649,26.0,,,931,1822,,,,1161.0,,
QC_Night_2012353_aid0001,aid0001,2012-12-18,18,1649,313.0,,,889,2612,,,,227.0,,
QC_Night_2012361_aid0001,aid0001,2012-12-26,83,1649,64.0,,,990,2836,,,,232.0,,
QC_Night_2013001_aid0001,aid0001,2013-01-01,65,1649,331.0,,,1051,2663,12.0,,,55.0,,
QC_Night_2013009_aid0001,aid0001,2013-01-09,45,1649,23.0,,,1087,2416,,,20.0,568.0,,
QC_Night_2013017_aid0001,aid0001,2013-01-17,64,1649,49.0,,,1003,2946,2.0,,,119.0,,
QC_Night_2013025_aid0001,aid0001,2013-01-25,50,1649,207.0,5.0,,881,2845,47.0,,,140.0,,
QC_Night_2013033_aid0001,aid0001,2013-02-02,109,1649,156.0,3.0,,1061,2566,23.0,,,247.0,1.0,
QC_Night_2013041_aid0001,aid0001,2013-02-10,143,1649,20.0,5.0,,1456,1812,136.0,7.0,,606.0,13.0,1.0
QC_Night_2013049_aid0001,aid0001,2013-02-18,66,1649,221.0,1.0,,1036,2833,56.0,,,3.0,,
QC_Night_2013057_aid0001,aid0001,2013-02-26,76,1649,64.0,,,1017,2719,13.0,2.0,,326.0,,
QC_Night_2013065_aid0001,aid0001,2013-03-06,81,1649,31.0,29.0,2.0,857,1842,67.0,16.0,,1044.0,29.0,
QC_Night_2013073_aid0001,aid0001,2013-03-14,36,1649,154.0,,,1063,2714,38.0,2.0,,148.0,,3.0
QC_Night_2013081_aid0001,aid0001,2013-03-22,18,1649,172.0,2.0,,879,2834,53.0,,,130.0,,
QC_Night_2013089_aid0001,aid0001,2013-03-30,22,1649,808.0,,,687,2292,,,,12.0,,
QC_Night_2013097_aid0001,aid0001,2013-04-07,199,1649,154.0,,,1015,2131,,,,599.0,,
QC_Night_2013105_aid0001,aid0001,2013-04-15,94,1649,31.0,,,901,1646,,,,1387.0,,
QC_Night_2013113_aid0001,aid0001,2013-04-23,13,1649,76.0,,,630,2737,,,,376.0,,
QC_Night_2013121_aid0001,aid0001,2013-05-01,19,1649,59.0,,,751,2238,,,,800.0,,
QC_Night_2013129_aid0001,aid0001,2013-05-09,103,1649,53.0,,,842,1842,,,,1141.0,,
QC_Night_2013137_aid0001,aid0001,2013-05-17,76,1649,6.0,,,1077,1760,8.0,,9.0,1252.0,,
QC_Night_2013145_aid0001,aid0001,2013-05-25,25,1649,512.0,,,524,2573,,,,24.0,,
QC_Night_2013153_aid0001,aid0001,2013-06-02,750,1649,,,,984,747,,,,1696.0,,
QC_Night_2013161_aid0001,aid0001,2013-06-10,679,1649,5.0,,,1032,770,,,,1705.0,,
QC_Night_2013169_aid0001,aid0001,2013-06-18,820,1649,1.0,,,1133,778,,,,1484.0,,
QC_Night_2013177_aid0001,aid0001,2013-06-26,899,1649,639.0,,,718,1441,,,,353.0,,
QC_Night_2013185_aid0001,aid0001,2013-07-04,29,1649,2478.0,,,313,560,,,,,,
QC_Night_2013193_aid0001,aid0001,2013-07-12,40,1649,2514.0,,,234,575,,,,,,
QC_Night_2013201_aid0001,aid0001,2013-07-20,293,1649,731.0,,,828,2081,,,,94.0,,
QC_Night_2013209_aid0001,aid0001,2013-07-28,571,1649,7.0,,,1019,1042,,,,1479.0,,
QC_Night_2013217_aid0001,aid0001,2013-08-05,32,1649,6.0,,,1075,1178,,,9.0,1878.0,,
QC_Night_2013225_aid0001,aid0001,2013-08-13,974,1649,2.0,,,1028,623,,,,1565.0,,
QC_Night_2013233_aid0001,aid0001,2013-08-21,35,1649,207.0,,,786,2496,,,,406.0,,
QC_Night_2013241_aid0001,aid0001,2013-08-29,423,1649,16.0,,,1059,1034,,,,1635.0,,
QC_Night_2013249_aid0001,aid0001,2013-09-06,11,1649,119.0,,,851,2902,,,1.0,104.0,,
QC_Night_2013257_aid0001,aid0001,2013-09-14,15,1649,75.0,,,852,2584,,,,469.0,,
QC_Night_2013265_aid0001,aid0001,2013-09-22,12,1649,6.0,,,987,1812,,,2.0,1287.0,,
QC_Night_2013273_aid0001,aid0001,2013-09-30,13,1649,190.0,,,752,2689,,,,284.0,,
QC_Night_2013281_aid0001,aid0001,2013-10-08,21,1649,6.0,,,1017,1859,,,,1246.0,,
QC_Night_2013289_aid0001,aid0001,2013-10-16,45,1649,152.0,,,832,2439,,,,500.0,,
QC_Night_2013297_aid0001,aid0001,2013-10-24,16,1649,16.0,,,916,2984,,,5.0,204.0,,
QC_Night_2013305_aid0001,aid0001,2013-11-01,20,1649,144.0,,,680,2814,,,,271.0,,
QC_Night_2013313_aid0001,aid0001,2013-11-09,21,1649,96.0,,,862,2876,,,,188.0,,
QC_Night_2013321_aid0001,aid0001,2013-11-17,27,1649,127.0,,,874,2948,,,,44.0,,
QC_Night_2013329_aid0001,aid0001,2013-11-25,83,1649,500.0,,,961,1961,,,,646.0,,
QC_Night_2013337_aid0001,aid0001,2013-12-03,37,1649,40.0,,,987,1755,,,,1291.0,,
QC_Night_2013345_aid0001,aid0001,2013-12-11,112,1649,,,,1039,2285,2.0,,,793.0,,
QC_Night_2013353_aid0001,aid0001,2013-12-19,191,1649,334.0,59.0,8.0,1092,2117,117.0,26.0,,80.0,1.0,
QC_Night_2013361_aid0001,aid0001,2013-12-27,62,1649,1.0,,,1007,2821,10.0,,,289.0,,
QC_Night_2014001_aid0001,aid0001,2014-01-01,125,1649,1.0,,,998,2838,246.0,6.0,,13.0,,2.0
QC_Night_2014009_aid0001,aid0001,2014-01-09,108,1649,4.0,4.0,,1041,1260,83.0,,,1693.0,9.0,1.0
QC_Night_2014017_aid0001,aid0001,2014-01-17,149,1649,25.0,12.0,,1055,2726,25.0,1.0,,196.0,,
QC_Night_2014025_aid0001,aid0001,2014-01-25,220,1649,32.0,12.0,3.0,1231,1978,359.0,155.0,,203.0,4.0,4.0
QC_Night_2014033_aid0001,aid0001,2014-02-02,1104,1649,23.0,7.0,,1063,1806,172.0,36.0,,4.0,,
QC_Night_2014041_aid0001,aid0001,2014-02-10,149,1649,455.0,123.0,5.0,973,1888,437.0,32.0,,31.0,3.0,4.0
QC_Night_2014049_aid0001,aid0001,2014-02-18,22,1649,145.0,119.0,5.0,854,2390,584.0,16.0,,14.0,2.0,2.0
QC_Night_2014057_aid0001,aid0001,2014-02-26,99,1649,678.0,186.0,6.0,847,1902,341.0,4.0,,1.0,,
QC_Night_2014065_aid0001,aid0001,2014-03-06,1443,1649,2.0,2.0,,967,784,53.0,10.0,,949.0,8.0,8.0
QC_Night_2014073_aid0001,aid0001,2014-03-14,17,1649,37.0,8.0,,1015,2585,88.0,2.0,,405.0,4.0,
QC_Night_2014081_aid0001,aid0001,2014-03-22,33,1649,778.0,,,834,2415,,,,2.0,,
QC_Night_2014089_aid0001,aid0001,2014-03-30,13,1649,268.0,,,637,2840,,1.0,2.0,42.0,,
QC_Night_2014097_aid0001,aid0001,2014-04-07,33,1649,18.0,,,948,2246,,,,844.0,,
QC_Night_2014105_aid0001,aid0001,2014-04-15,76,1649,52.0,,,879,2595,,,2.0,473.0,,
QC_Night_2014113_aid0001,aid0001,2014-04-23,65,1649,45.0,,,844,1912,,,,1183.0,,
QC_Night_2014121_aid0001,aid0001,2014-05-01,78,1649,21.0,,,911,1239,,,,1823.0,,
QC_Night_2014129_aid0001,aid0001,2014-05-09,915,1649,7.0,,,912,1742,,,,546.0,,
QC_Night_2014137_aid0001,aid0001,2014-05-17,102,1649,33.0,,,832,1345,,,86.0,1521.0,,
QC_Night_2014145_aid0001,aid0001,2014-05-25,1391,1649,,,,1003,887,,,,942.0,,
QC_Night_2014153_aid0001,aid0001,2014-06-02,233,1649,,,,1050,1308,,,,1618.0,,
QC_Night_2014161_aid0001,aid0001,2014-06-10,2533,1649,,,,680,231,,,,780.0,,
QC_Night_2014169_aid0001,aid0001,2014-06-18,291,1649,12.0,,,1003,1424,,,,1361.0,,
QC_Night_2014177_aid0001,aid0001,2014-06-26,1141,1649,,,,1007,1291,,,,765.0,,
QC_Night_2014185_aid0001,aid0001,2014-07-04,37,1649,890.0,,,925,2093,,,,57.0,,
QC_Night_2014193_aid0001,aid0001,2014-07-12,1603,1649,,,,1017,432,,,,1176.0,,
QC_Night_2014201_aid0001,aid0001,2014-07-20,1519,1649,,,,1134,714,,,6.0,856.0,,
QC_Night_2014209_aid0001,aid0001,2014-07-28,1028,1649,,,,1079,870,,,,1254.0,,
QC_Night_2014217_aid0001,aid0001,2014-08-05,462,1649,,,,1094,517,,,1.0,2135.0,,
QC_Night_2014225_aid0001,aid0001,2014-08-13,1002,1649,,,,1008,495,,,,1708.0,,
QC_Night_2014233_aid0001,aid0001,2014-08-21,333,1649,42.0,,,895,2003,,,1.0,716.0,,
QC_Night_2014241_aid0001,aid0001,2014-08-29,24,1649,359.0,,,551,2511,,,,264.0,,
QC_Night_2014249_aid0001,aid0001,2014-09-06,43,1649,473.0,,,681,2530,,,,64.0,,
QC_Night_2014257_aid0001,aid0001,2014-09-14,12,1649,30.0,,,987,1328,,,,1777.0,,
QC_Night_2014265_aid0001,aid0001,2014-09-22,18,1649,154.0,,,434,2831,1.0,,,82.0,,
QC_Night_2014273_aid0001,aid0001,2014-09-30,127,1649,5.0,,,1070,1609,,,,1341.0,,
QC_Night_2014281_aid0001,aid0001,2014-10-08,45,1649,148.0,,,843,1975,,,,992.0,,
QC_Night_2014289_aid0001,aid0001,2014-10-16,1004,1649,,,,964,921,,,,1298.0,,
QC_Night_2014297_aid0001,aid0001,2014-10-24,24,1649,32.0,,,914,2328,,,,796.0,,
QC_Night_2014305_aid0001,aid0001,2014-11-01,48,1649,520.0,,,633,2434,,,,69.0,,
QC_Night_2014313_aid0001,aid0001,2014-11-09,50,1649,94.0,,,899,2908,,,,128.0,,
QC_Night_2014321_aid0001,aid0001,2014-11-17,28,1649,184.0,,,883,3024,,,,6.0,,
QC_Night_2014329_aid0001,aid0001,2014-11-25,215,1649,29.0,,,1089,1881,10.0,,,957.0,,
QC_Night_2014337_aid0001,aid0001,2014-12-03,32,1649,180.0,,,1006,2797,7.0,,,117.0,,
QC_Night_2014345_aid0001,aid0001,2014-12-11,29,1649,15.0,,,982,2097,16.0,,,1012.0,,
QC_Night_2014353_aid0001,aid0001,2014-12-19,42,1649,38.0,3.0,,966,2262,7.0,,,820.0,,
QC_Night_2014361_aid0001,aid0001,2014-12-27,40,1649,109.0,,,989,2434,,,,568.0,,
QC_Night_2015001_aid0001,aid0001,2015-01-01,39,1649,85.0,,,925,3140,,,,1.0,,
QC_Night_2015009_aid0001,aid0001,2015-01-09,151,1649,2.0,,,1087,2297,6.0,,,682.0,4.0,2.0
QC_Night_2015017_aid0001,aid0001,2015-01-17,38,1649,138.0,,,1028,2955,,,,30.0,,
QC_Night_2015025_aid0001,aid0001,2015-01-25,187,1649,1.0,,,1040,2711,129.0,17.0,,140.0,2.0,
QC_Night_2015033_aid0001,aid0001,2015-02-02,1086,1649,24.0,7.0,1.0,1091,1594,167.0,29.0,,198.0,2.0,1.0
QC_Night_2015041_aid0001,aid0001,2015-02-10,221,1649,8.0,,,1160,2454,276.0,24.0,,81.0,3.0,1.0
QC_Night_2015049_aid0001,aid0001,2015-02-18,177,1649,196.0,24.0,3.0,1019,2355,191.0,34.0,,108.0,2.0,
QC_Night_2015057_aid0001,aid0001,2015-02-26,756,1649,45.0,10.0,,1170,2014,135.0,17.0,,7.0,,
QC_Night_2015065_aid0001,aid0001,2015-03-06,32,1649,8.0,4.0,,1151,2179,313.0,7.0,,487.0,38.0,1.0
QC_Night_2015073_aid0001,aid0001,2015-03-14,46,1649,337.0,23.0,,996,2530,176.0,3.0,,33.0,,
QC_Night_2015081_aid0001,aid0001,2015-03-22,41,1649,304.0,31.0,,889,2734,59.0,,,52.0,,
QC_Night_2015089_aid0001,aid0001,2015-03-30,14,1649,101.0,,,950,2326,,,,694.0,,
QC_Night_2015097_aid0001,aid0001,2015-04-07,97,1649,100.0,,,719,2615,,,,344.0,,
QC_Night_2015105_aid0001,aid0001,2015-04-15,254,1649,27.0,,,878,1409,,1.0,,1421.0,,
QC_Night_2015113_aid0001,aid0001,2015-04-23,8,1649,17.0,,,835,2109,1.0,,2.0,1056.0,,
QC_Night_2015121_aid0001,aid0001,2015-05-01,72,1649,7.0,,,1011,1673,,,2.0,1365.0,,
QC_Night_2015129_aid0001,aid0001,2015-05-09,336,1649,15.0,,,1027,1481,,,,1285.0,,
QC_Night_2015137_aid0001,aid0001,2015-05-17,29,1649,37.0,,,958,2143,,,6.0,912.0,,
QC_Night_2015145_aid0001,aid0001,2015-05-25,2034,1649,466.0,,,584,697,,,,275.0,,
QC_Night_2015153_aid0001,aid0001,2015-06-02,427,1649,109.0,,,497,1624,,,10.0,1081.0,,
QC_Night_2015161_aid0001,aid0001,2015-06-10,30,1649,266.0,,,570,2807,,,,66.0,,
QC_Night_2015169_aid0001,aid0001,2015-06-18,823,1649,182.0,,,868,1823,,,,329.0,,
QC_Night_2015177_aid0001,aid0001,2015-06-26,1911,1649,,,,968,355,,,,996.0,,
QC_Night_2015185_aid0001,aid0001,2015-07-04,184,1649,280.0,,,675,2176,,,2.0,453.0,,
QC_Night_2015193_aid0001,aid0001,2015-07-12,970,1649,185.0,,,763,1582,,,,593.0,,
QC_Night_2015201_aid0001,aid0001,2015-07-20,1274,1649,,,,1088,641,,,,1205.0,,
QC_Night_2015209_aid0001,aid0001,2015-07-28,14,1649,1448.0,,,180,1656,,,,,,
QC_Night_2015217_aid0001,aid0001,2015-08-05,61,1649,93.0,,,574,2604,,,,286.0,,
QC_Night_2015225_aid0001,aid0001,2015-08-13,16,1649,968.0,,,571,2152,,,,,,
QC_Night_2015233_aid0001,aid0001,2015-08-21,43,1649,8.0,,,782,1091,,,2.0,1974.0,,
QC_Night_2015241_aid0001,aid0001,2015-08-29,15,1649,726.0,,,249,2408,,,,,,
QC_Night_2015249_aid0001,aid0001,2015-09-06,22,1649,265.0,,,360,2878,,,1.0,,,
QC_Night_2015257_aid0001,aid0001,2015-09-14,4,1649,46.0,,,706,2192,,,,912.0,,
QC_Night_2015265_aid0001,aid0001,2015-09-22,77,1649,92.0,,,655,2321,,,4.0,682.0,,
QC_Night_2015273_aid0001,aid0001,2015-09-30,546,1649,110.0,,,868,1960,,,,646.0,,
QC_Night_2015281_aid0001,aid0001,2015-10-08,171,1649,31.0,,,911,2131,,,1.0,827.0,,
QC_Night_2015289_aid0001,aid0001,2015-10-16,11,1649,101.0,,,933,2669,,,,331.0,,
QC_Night_2015297_aid0001,aid0001,2015-10-24,11,1649,186.0,,,752,2809,,,,180.0,,
QC_Night_2015305_aid0001,aid0001,2015-11-01,43,1649,226.0,,,557,2475,,,,463.0,,
QC_Night_2015313_aid0001,aid0001,2015-11-09,12,1649,50.0,,,881,2329,,,5.0,733.0,,
QC_Night_2015321_aid0001,aid0001,2015-11-17,24,1649,100.0,,,841,2171,,,,865.0,,
QC_Night_2015329_aid0001,aid0001,2015-11-25,103,1649,52.0,,,823,2515,,,,565.0,,
QC_Night_2015337_aid0001,aid0001,2015-12-03,47,1649,70.0,,,803,2140,,,,891.0,,
QC_Night_2015345_aid0001,aid0001,2015-12-11,232,1649,29.0,,,1016,2181,,,,707.0,,
QC_Night_2015353_aid0001,aid0001,2015-12-19,184,1649,657.0,,,465,2380,,,,189.0,,
QC_Night_2015361_aid0001,aid0001,2015-12-27,2075,1649,,,,681,663,,,,812.0,,
QC_Night_2016001_aid0001,aid0001,2016-01-01,21,1649,28.0,,,1042,3003,,,,50.0,,
QC_Night_2016009_aid0001,aid0001,2016-01-09,26,1649,205.0,,,915,2906,1.0,,,107.0,,
QC_Night_2016017_aid0001,aid0001,2016-01-17,65,1649,126.0,2.0,,992,2836,9.0,,,162.0,,
QC_Night_2016025_aid0001,aid0001,2016-01-25,580,1649,53.0,33.0,1.0,1302,1931,129.0,12.0,,95.0,6.0,
QC_Night_2016033_aid0001,aid0001,2016-02-02,584,1649,2.0,,,1148,1963,141.0,42.0,,316.0,3.0,13.0
QC_Night_2016041_aid0001,aid0001,2016-02-10,86,1649,61.0,,,914,2981,134.0,3.0,,2.0,,
QC_Night_2016049_aid0001,aid0001,2016-02-18,153,1649,1405.0,7.0,1.0,794,1659,5.0,3.0,,,,
QC_Night_2016057_aid0001,aid0001,2016-02-26,46,1649,82.0,4.0,,874,2622,18.0,,,383.0,2.0,
QC_Night_2016065_aid0001,aid0001,2016-03-05,36,1649,235.0,3.0,,916,2582,59.0,,,251.0,1.0,
QC_Night_2016073_aid0001,aid0001,2016-03-13,44,1649,120.0,,,697,2563,1.0,,,458.0,,
QC_Night_2016081_aid0001,aid0001,2016-03-21,48,1649,786.0,,,733,1892,,,,471.0,,
QC_Night_2016089_aid0001,aid0001,2016-03-29,130,1649,814.0,,,836,1788,,,,413.0,,
QC_Night_2016097_aid0001,aid0001,2016-04-06,26,1649,113.0,,,832,2657,,,2.0,394.0,,
QC_Night_2016105_aid0001,aid0001,2016-04-14,19,1649,123.0,,,667,2373,,,,711.0,,
QC_Night_2016113_aid0001,aid0001,2016-04-22,500,1649,12.0,,,702,1201,,,,1570.0,,
QC_Night_2016121_aid0001,aid0001,2016-04-30,590,1649,28.0,,,1007,2352,,,,214.0,,
QC_Night_2016129_aid0001,aid0001,2016-05-08,62,1649,20.0,,,871,1364,,,8.0,1693.0,,
QC_Night_2016137_aid0001,aid0001,2016-05-16,364,1649,73.0,,,771,1692,,,,1132.0,,
QC_Night_2016145_aid0001,aid0001,2016-05-24,358,1649,266.0,,,1033,2163,,,13.0,292.0,,
QC_Night_2016153_aid0001,aid0001,2016-06-01,1031,1649,,,,1077,651,,,1.0,1459.0,,
QC_Night_2016161_aid0001,aid0001,2016-06-09,165,1649,1.0,,,1044,648,,,5.0,2331.0,,
QC_Night_2016169_aid0001,aid0001,2016-06-17,525,1649,,,,1161,568,,,,1967.0,,
QC_Night_2016177_aid0001,aid0001,2016-06-25,448,1649,23.0,,,1091,1150,,,1.0,1502.0,,
QC_Night_2016185_aid0001,aid0001,2016-07-03,345,1649,1735.0,,,337,1092,,,,2.0,,
QC_Night_2016193_aid0001,aid0001,2016-07-11,15,1649,2392.0,,,168,725,,,,,,
QC_Night_2016201_aid0001,aid0001,2016-07-19,30,1649,1771.0,,,296,1325,,,,,,
QC_Night_2016209_aid0001,aid0001,2016-07-27,936,1649,7.0,,,981,1367,,,32.0,792.0,,
QC_Night_2016217_aid0001,aid0001,2016-08-04,29,1649,106.0,,,378,2880,,,,101.0,,
QC_Night_2016225_aid0001,aid0001,2016-08-12,1618,1649,1227.0,,,405,614,,,,,,
QC_Night_2016233_aid0001,aid0001,2016-08-20,14,1649,865.0,,,319,2262,,,,1.0,,
QC_Night_2016241_aid0001,aid0001,2016-08-28,41,1649,102.0,,,418,2655,,,,290.0,,
QC_Night_2016249_aid0001,aid0001,2016-09-05,690,1649,447.0,,,626,2095,,,,27.0,,
QC_Night_2016257_aid0001,aid0001,2016-09-13,66,1649,26.0,,,956,1161,,,19.0,1934.0,,
QC_Night_2016265_aid0001,aid0001,2016-09-21,151,1649,1.0,,,932,1354,,,,1754.0,,
QC_Night_2016273_aid0001,aid0001,2016-09-29,68,1649,36.0,,,939,2170,,,,817.0,,
QC_Night_2016281_aid0001,aid0001,2016-10-07,16,1649,91.0,,,757,2712,,,,358.0,,
QC_Night_2016289_aid0001,aid0001,2016-10-15,11,1649,120.0,,,681,2974,,,,60.0,,
QC_Night_2016297_aid0001,aid0001,2016-10-23,152,1649,292.0,,,714,2495,1.0,2.0,,247.0,,
QC_Night_2016305_aid0001,aid0001,2016-10-31,17,1649,63.0,,,859,2466,,,5.0,602.0,,
QC_Night_2016313_aid0001,aid0001,2016-11-08,16,1649,169.0,,,762,2506,,,,444.0,,
QC_Night_2016321_aid0001,aid0001,2016-11-16,20,1649,98.0,,,861,2859,1.0,,,149.0,,
QC_Night_2016329_aid0001,aid0001,2016-11-24,47,1649,43.0,,,877,1903,,,,1160.0,,
QC_Night_2016337_aid0001,aid0001,2016-12-02,53,1649,264.0,,,992,2137,,,,687.0,,
QC_Night_2016345_aid0001,aid0001,2016-12-10,49,1649,172.0,,,1031,2946,,,,7.0,,
QC_Night_2016353_aid0001,aid0001,2016-12-18,65,1649,367.0,2.0,3.0,785,2485,6.0,1.0,,134.0,,
QC_Night_2016361_aid0001,aid0001,2016-12-26,16,1649,342.0,4.0,,864,2753,3.0,,,87.0,,
QC_Night_2017001_aid0001,aid0001,2017-01-01,86,1649,1191.0,,,871,1752,,,,39.0,,
QC_Night_2017009_aid0001,aid0001,2017-01-09,181,1649,18.0,30.0,2.0,1140,2675,86.0,5.0,,34.0,,
QC_Night_2017017_aid0001,aid0001,2017-01-17,1573,1649,,,,979,662,,,7.0,1003.0,2.0,3.0
QC_Night_2017025_aid0001,aid0001,2017-01-25,105,1649,146.0,,,1068,2661,3.0,,,238.0,,
QC_Night_2017033_aid0001,aid0001,2017-02-02,653,1649,23.0,,,969,2496,40.0,1.0,,5.0,,
QC_Night_2017041_aid0001,aid0001,2017-02-10,104,1649,30.0,7.0,,1058,2564,416.0,16.0,,23.0,3.0,
QC_Night_2017049_aid0001,aid0001,2017-02-18,8,1649,92.0,3.0,,874,2773,92.0,,,207.0,2.0,
QC_Night_2017057_aid0001,aid0001,2017-02-26,37,1649,919.0,5.0,,889,2242,7.0,,,18.0,,
QC_Night_2017065_aid0001,aid0001,2017-03-06,19,1649,25.0,,,921,3121,,,1.0,38.0,,
QC_Night_2017073_aid0001,aid0001,2017-03-14,30,1649,297.0,24.0,8.0,993,2589,155.0,21.0,,56.0,3.0,
QC_Night_2017081_aid0001,aid0001,2017-03-22,77,1649,290.0,143.0,88.0,1152,1764,292.0,113.0,,140.0,32.0,
QC_Night_2017089_aid0001,aid0001,2017-03-30,105,1649,507.0,13.0,6.0,908,2052,4.0,8.0,,490.0,,
QC_Night_2017097_aid0001,aid0001,2017-04-07,18,1649,91.0,,,805,2497,6.0,,,509.0,,
QC_Night_2017105_aid0001,aid0001,2017-04-15,1680,1649,3.0,,,820,882,,,,820.0,,
QC_Night_2017113_aid0001,aid0001,2017-04-23,2110,1649,,,,541,701,,,,849.0,,
QC_Night_2017121_aid0001,aid0001,2017-05-01,429,1649,36.0,,,653,1548,,,,1229.0,,
QC_Night_2017129_aid0001,aid0001,2017-05-09,372,1649,10.0,,,1028,1468,,,,1274.0,,
QC_Night_2017137_aid0001,aid0001,2017-05-17,3747,1649,,,,245,217,,,,16.0,,
QC_Night_2017145_aid0001,aid0001,2017-05-25,292,1649,11.0,,,1059,1080,,,21.0,1693.0,,
QC_Night_2017153_aid0001,aid0001,2017-06-02,191,1649,6.0,,,1062,1211,,,,1720.0,,
QC_Night_2017161_aid0001,aid0001,2017-06-10,17,1649,695.0,,,525,2404,,,2.0,34.0,,
QC_Night_2017169_aid0001,aid0001,2017-06-18,44,1649,667.0,,,907,2010,,,,397.0,,
QC_Night_2017177_aid0001,aid0001,2017-06-26,713,1649,151.0,,,1072,1569,,,,662.0,,
QC_Night_2017185_aid0001,aid0001,2017-07-04,540,1649,8.0,,,986,726,,,,1869.0,,
QC_Night_2017193_aid0001,aid0001,2017-07-12,48,1649,1514.0,1.0,,278,1470,1.0,,,9.0,,
QC_Night_2017201_aid0001,aid0001,2017-07-20,202,1649,1653.0,2.0,,324,1224,,,,76.0,,
QC_Night_2017209_aid0001,aid0001,2017-07-28,25,1649,148.0,,,808,2630,,,2.0,336.0,,
QC_Night_2017217_aid0001,aid0001,2017-08-05,451,1649,,,,1024,704,,,,1964.0,,
QC_Night_2017225_aid0001,aid0001,2017-08-13,104,1649,2.0,,,937,2109,,,17.0,912.0,,
QC_Night_2017233_aid0001,aid0001,2017-08-21,59,1649,13.0,,,872,1652,,,,1420.0,,
QC_Night_2017241_aid0001,aid0001,2017-08-29,57,1649,74.0,,,707,2236,,,,689.0,,
QC_Night_2017249_aid0001,aid0001,2017-09-06,117,1649,10.0,,,970,1014,,,,2047.0,,
QC_Night_2017257_aid0001,aid0001,2017-09-14,475,1649,80.0,,,949,1691,,,5.0,897.0,,
QC_Night_2017265_aid0001,aid0001,2017-09-22,7,1649,520.0,,,697,2599,,,,1.0,,
QC_Night_2017273_aid0001,aid0001,2017-09-30,24,1649,77.0,,,853,2572,,,,468.0,,
QC_Night_2017281_aid0001,aid0001,2017-10-08,129,1649,256.0,,,929,2742,,,,37.0,,
QC_Night_2017289_aid0001,aid0001,2017-10-16,10,1649,47.0,,,845,2930,,,,188.0,,
QC_Night_2017297_aid0001,aid0001,2017-10-24,12,1649,28.0,,,946,2410,2.0,,,675.0,14.0,
QC_Night_2017305_aid0001,aid0001,2017-11-01,253,1649,7.0,,,955,1318,,,16.0,1591.0,,
QC_Night_2017313_aid0001,aid0001,2017-11-09,62,1649,74.0,,,923,2369,,,,710.0,,
QC_Night_2017321_aid0001,aid0001,2017-11-17,32,1649,14.0,,,965,1950,,,,1201.0,,
QC_Night_2017329_aid0001,aid0001,2017-11-25,16,1649,78.0,,,849,2517,,,,500.0,,
QC_Night_2017337_aid0001,aid0001,2017-12-03,108,1649,118.0,,,791,2415,,,,535.0,,
QC_Night_2017345_aid0001,aid0001,2017-12-11,309,1649,9.0,1.0,,987,2616,13.0,9.0,,254.0,,
QC_Night_2017353_aid0001,aid0001,2017-12-19,29,1649,94.0,26.0,,914,2459,240.0,7.0,,270.0,8.0,
QC_Night_2017361_aid0001,aid0001,2017-12-27,235,1649,111.0,12.0,,1023,2704,46.0,1.0,,66.0,,
QC_Night_2018001_aid0001,aid0001,2018-01-01,93,1649,3.0,,,1010,2844,204.0,15.0,,45.0,,
QC_Night_2018009_aid0001,aid0001,2018-01-09,80,1649,30.0,5.0,,979,3025,67.0,,,7.0,,
QC_Night_2018017_aid0001,aid0001,2018-01-17,73,1649,11.0,,,989,2188,19.0,,,900.0,7.0,
QC_Night_2018025_aid0001,aid0001,2018-01-25,72,1649,43.0,4.0,,989,2962,69.0,,,37.0,,
QC_Night_2018033_aid0001,aid0001,2018-02-02,65,1649,165.0,1.0,,1007,2671,14.0,2.0,,287.0,,
QC_Night_2018041_aid0001,aid0001,2018-02-10,32,1649,898.0,,,926,2245,,,,10.0,,
QC_Night_2018049_aid0001,aid0001,2018-02-18,177,1649,18.0,,,1029,1798,5.0,,,1157.0,,
QC_Night_2018057_aid0001,aid0001,2018-02-26,62,1649,1149.0,265.0,,531,1612,289.0,1.0,,28.0,2.0,
QC_Night_2018065_aid0001,aid0001,2018-03-06,22,1649,807.0,52.0,,924,2123,68.0,2.0,1.0,58.0,,
QC_Night_2018073_aid0001,aid0001,2018-03-14,17,1649,104.0,5.0,,961,3011,36.0,,,,,
QC_Night_2018081_aid0001,aid0001,2018-03-22,27,1649,149.0,3.0,,942,2430,22.0,,,534.0,,
QC_Night_2018089_aid0001,aid0001,2018-03-30,12,1649,38.0,,,1008,2533,,,,581.0,,
QC_Night_2018097_aid0001,aid0001,2018-04-07,44,1649,309.0,,,765,2554,,,,284.0,,
QC_Night_2018105_aid0001,aid0001,2018-04-15,55,1649,45.0,,,893,2216,,,,868.0,,
QC_Night_2018113_aid0001,aid0001,2018-04-23,178,1649,38.0,,,884,1731,,,,1171.0,,
QC_Night_2018121_aid0001,aid0001,2018-05-01,362,1649,1.0,,,940,1681,,,,1175.0,,
QC_Night_2018129_aid0001,aid0001,2018-05-09,449,1649,26.0,,,974,1063,,,,1584.0,,
QC_Night_2018137_aid0001,aid0001,2018-05-17,616,1649,,,,861,975,,,,1730.0,,
QC_Night_2018145_aid0001,aid0001,2018-05-25,38,1649,500.0,,,922,2096,,,,505.0,,
QC_Night_2018153_aid0001,aid0001,2018-06-02,725,1649,21.0,,,1012,1324,,,18.0,1065.0,,
QC_Night_2018161_aid0001,aid0001,2018-06-10,897,1649,,,,1108,366,,,5.0,1844.0,,
QC_Night_2018169_aid0001,aid0001,2018-06-18,2657,1649,123.0,,,538,904,,,,5.0,,
QC_Night_2018177_aid0001,aid0001,2018-06-26,14,1649,803.0,,,565,2352,,,1.0,11.0,,
QC_Night_2018185_aid0001,aid0001,2018-07-04,24,1649,312.0,,,777,2334,,,,472.0,,
QC_Night_2018193_aid0001,aid0001,2018-07-12,42,1649,921.0,,,603,2082,,,,15.0,,
QC_Night_2018201_aid0001,aid0001,2018-07-20,168,1649,72.0,,,943,1912,,,,1001.0,,
QC_Night_2018209_aid0001,aid0001,2018-07-28,113,1649,1175.0,,,435,1702,,,,58.0,,
QC_Night_2018217_aid0001,aid0001,2018-08-05,14,1649,2538.0,,,63,587,,,,,,
QC_Night_2018225_aid0001,aid0001,2018-08-13,197,1649,558.0,,,636,1858,,,,537.0,,
QC_Night_2018233_aid0001,aid0001,2018-08-21,37,1649,316.0,,,725,2744,,,,39.0,,
QC_Night_2018241_aid0001,aid0001,2018-08-29,33,1649,2654.0,,,239,488,,,,,,
QC_Night_2018249_aid0001,aid0001,2018-09-06,1744,1649,141.0,,,501,1580,,,2.0,162.0,,
QC_Night_2018257_aid0001,aid0001,2018-09-14,41,1649,270.0,,,317,2797,,,,9.0,,
QC_Night_2018265_aid0001,aid0001,2018-09-22,63,1649,48.0,,,914,1989,,,,1162.0,,
QC_Night_2018273_aid0001,aid0001,2018-09-30,190,1649,18.0,,,999,1244,,,,1668.0,,
QC_Night_2018281_aid0001,aid0001,2018-10-08,99,1649,47.0,,,931,2839,,,,211.0,,
QC_Night_2018289_aid0001,aid0001,2018-10-16,28,1649,73.0,,,944,2447,,,,614.0,,
QC_Night_2018297_aid0001,aid0001,2018-10-24,11,1649,20.0,,,892,2898,,,,272.0,,
QC_Night_2018305_aid0001,aid0001,2018-11-01,49,1649,200.0,,,851,2549,,,2.0,321.0,,
QC_Night_2018313_aid0001,aid0001,2018-11-09,47,1649,100.0,,,866,2629,,,,443.0,,
QC_Night_2018321_aid0001,aid0001,2018-11-17,47,1649,86.0,,,1062,2505,10.0,,,478.0,1.0,
QC_Night_2018329_aid0001,aid0001,2018-11-25,222,1649,62.0,2.0,2.0,1020,2248,5.0,3.0,,599.0,1.0,
QC_Night_2018337_aid0001,aid0001,2018-12-03,40,1649,334.0,1.0,,999,2715,3.0,,,49.0,,
QC_Night_2018345_aid0001,aid0001,2018-12-11,99,1649,391.0,,,936,2670,,,6.0,8.0,,
QC_Night_2018353_aid0001,aid0001,2018-12-19,17,1649,242.0,,,951,2630,,,,257.0,,
QC_Night_2018361_aid0001,aid0001,2018-12-27,1414,1649,,,,974,636,,,24.0,1175.0,,
QC_Night_2019001_aid0001,aid0001,2019-01-01,48,1649,141.0,,,724,2738,17.0,,,206.0,2.0,
QC_Night_2019009_aid0001,aid0001,2019-01-09,56,1649,13.0,,,973,2817,,,3.0,335.0,,
QC_Night_2019017_aid0001,aid0001,2019-01-17,259,1649,204.0,,,984,2635,8.0,,,116.0,,
QC_Night_2019025_aid0001,aid0001,2019-01-25,58,1649,96.0,7.0,,949,3050,19.0,,,,,
QC_Night_2019033_aid0001,aid0001,2019-02-02,18,1649,274.0,,,858,2894,,,,35.0,,
QC_Night_2019041_aid0001,aid0001,2019-02-10,126,1649,92.0,,,1118,2790,28.0,,,12.0,,
QC_Night_2019049_aid0001,aid0001,2019-02-18,444,1649,78.0,,,1023,2632,6.0,,,44.0,,
QC_Night_2019057_aid0001,aid0001,2019-02-26,107,1649,425.0,5.0,,1016,2595,,1.0,,22.0,,
QC_Night_2019065_aid0001,aid0001,2019-03-06,49,1649,42.0,10.0,2.0,1061,2604,116.0,13.0,,269.0,,4.0
QC_Night_2019073_aid0001,aid0001,2019-03-14,19,1649,1035.0,13.0,,776,2041,5.0,,,28.0,,
QC_Night_2019081_aid0001,aid0001,2019-03-22,14,1649,202.0,,,696,2761,,,,208.0,,
QC_Night_2019089_aid0001,aid0001,2019-03-30,30,1649,64.0,,,755,2643,,,,402.0,,
QC_Night_2019097_aid0001,aid0001,2019-04-07,755,1649,29.0,,,866,1510,,,,922.0,,
QC_Night_2019105_aid0001,aid0001,2019-04-15,89,1649,4.0,,,809,1304,,,36.0,1911.0,,
QC_Night_2019113_aid0001,aid0001,2019-04-23,114,1649,135.0,,,546,2494,,,,396.0,,
QC_Night_2019121_aid0001,aid0001,2019-05-01,1152,1649,5.0,,,787,759,,,9.0,1476.0,,
QC_Night_2019129_aid0001,aid0001,2019-05-09,1774,1649,,,,856,812,,,,789.0,,
QC_Night_2019137_aid0001,aid0001,2019-05-17,1008,1649,4.0,,,883,972,,,,1307.0,,
QC_Night_2019145_aid0001,aid0001,2019-05-25,1461,1649,,,,1020,631,,,,1105.0,,
QC_Night_2019153_aid0001,aid0001,2019-06-02,736,1649,2.0,,,899,517,,,,2007.0,,
QC_Night_2019161_aid0001,aid0001,2019-06-10,972,1649,22.0,,,825,675,,,,1582.0,,
QC_Night_2019169_aid0001,aid0001,2019-06-18,83,1649,29.0,,,922,1711,,,,1342.0,,
QC_Night_2019177_aid0001,aid0001,2019-06-26,76,1649,1140.0,,,539,1869,,,,34.0,,
QC_Night_2019185_aid0001,aid0001,2019-07-04,26,1649,544.0,,,685,2488,1.0,,,50.0,,
QC_Night_2019193_aid0001,aid0001,2019-07-12,84,1649,586.0,,,768,1924,2.0,,,462.0,,
QC_Night_2019201_aid0001,aid0001,2019-07-20,658,1649,63.0,,,983,1189,,,,1239.0,,
QC_Night_2019209_aid0001,aid0001,2019-07-28,45,1649,1917.0,,,411,1044,,,,20.0,,
QC_Night_2019217_aid0001,aid0001,2019-08-05,314,1649,22.0,,,990,1295,,,,1497.0,,
QC_Night_2019225_aid0001,aid0001,2019-08-13,689,1649,1478.0,,,381,1166,,,,,,
QC_Night_2019233_aid0001,aid0001,2019-08-21,368,1649,1.0,,,944,965,,,,1911.0,,
QC_Night_2019241_aid0001,aid0001,2019-08-29,102,1649,46.0,,,722,1711,,,,1331.0,,
QC_Night_2019249_aid0001,aid0001,2019-09-06,1250,1649,,,,997,823,,,,1139.0,,
QC_Night_2019257_aid0001,aid0001,2019-09-14,92,1649,8.0,,,943,1835,,,,1242.0,,
QC_Night_2019265_aid0001,aid0001,2019-09-22,49,1649,58.0,,,864,2421,,,1.0,678.0,,
QC_Night_2019273_aid0001,aid0001,2019-09-30,96,1649,114.0,,,909,2257,,,,684.0,,
QC_Night_2019281_aid0001,aid0001,2019-10-08,298,1649,56.0,,,925,1415,1.0,,,1404.0,2.0,
QC_Night_2019289_aid0001,aid0001,2019-10-16,74,1649,163.0,,,979,2595,,,,276.0,,
QC_Night_2019297_aid0001,aid0001,2019-10-24,12,1649,109.0,,,740,2698,4.0,,,328.0,,
QC_Night_2019305_aid0001,aid0001,2019-11-01,19,1649,93.0,,,869,2415,,,,555.0,,
QC_Night_2019313_aid0001,aid0001,2019-11-09,46,1649,28.0,,,1023,2940,,,4.0,109.0,,
QC_Night_2019321_aid0001,aid0001,2019-11-17,62,1649,109.0,,,878,2756,,,,236.0,,
QC_Night_2019329_aid0001,aid0001,2019-11-25,12,1649,11.0,,,1015,2169,2.0,,2.0,952.0,,
QC_Night_2019337_aid0001,aid0001,2019-12-03,39,1649,781.0,78.0,4.0,847,2065,132.0,,,29.0,,
QC_Night_2019345_aid0001,aid0001,2019-12-11,64,1649,72.0,,,1050,2959,,,,60.0,,
QC_Night_2019353_aid0001,aid0001,2019-12-19,39,1649,5.0,,,925,2557,54.0,,,535.0,5.0,
QC_Night_2019361_aid0001,aid0001,2019-12-27,1541,1649,21.0,,,646,598,,,,1297.0,,
QC_Night_2020001_aid0001,aid0001,2020-01-01,68,1649,1256.0,,,914,1712,,,,49.0,,
QC_Night_2020009_aid0001,aid0001,2020-01-09,54,1649,137.0,,,928,2731,,,,216.0,,
QC_Night_2020017_aid0001,aid0001,2020-01-17,74,1649,82.0,,,1022,3012,8.0,,,26.0,1.0,
QC_Night_2020025_aid0001,aid0001,2020-01-25,18,1649,221.0,,,889,2884,1.0,,,40.0,,
QC_Night_2020033_aid0001,aid0001,2020-02-02,230,1649,145.0,,,809,2929,,13.0,,54.0,,
QC_Night_2020041_aid0001,aid0001,2020-02-10,156,1649,648.0,2.0,,980,2223,4.0,,,117.0,,
QC_Night_2020049_aid0001,aid0001,2020-02-18,18,1649,33.0,,,955,2981,,,,158.0,,
QC_Night_2020057_aid0001,aid0001,2020-02-26,53,1649,39.0,,,1054,2597,,,,459.0,,
QC_Night_2020065_aid0001,aid0001,2020-03-05,44,1649,50.0,,,814,2338,11.0,,,765.0,2.0,
QC_Night_2020073_aid0001,aid0001,2020-03-13,54,1649,84.0,,,906,2393,3.0,,,540.0,1.0,
QC_Night_2020081_aid0001,aid0001,2020-03-21,36,1649,59.0,,,829,2392,,,,723.0,,
QC_Night_2020089_aid0001,aid0001,2020-03-29,38,1649,205.0,,,657,2572,,,1.0,350.0,,
QC_Night_2020097_aid0001,aid0001,2020-04-06,19,1649,33.0,,,879,2220,,,,921.0,,
QC_Night_2020105_aid0001,aid0001,2020-04-14,17,1649,94.0,,,688,2533,,,,556.0,,
QC_Night_2020113_aid0001,aid0001,2020-04-22,9,1649,151.0,,,721,2556,,,,459.0,,
QC_Night_2020121_aid0001,aid0001,2020-04-30,578,1649,6.0,,,909,839,,,,1775.0,,
QC_Night_2020129_aid0001,aid0001,2020-05-08,74,1649,68.0,,,801,1891,,,,1130.0,,
QC_Night_2020137_aid0001,aid0001,2020-05-16,52,1649,293.0,,,502,2536,,,,193.0,,
QC_Night_2020145_aid0001,aid0001,2020-05-24,39,1649,59.0,3.0,2.0,883,2375,,4.0,,666.0,,
QC_Night_2020153_aid0001,aid0001,2020-06-01,413,1649,1.0,,,1047,761,,,,1973.0,,
QC_Night_2020161_aid0001,aid0001,2020-06-09,349,1649,955.0,,,838,1614,,,,130.0,,
QC_Night_2020169_aid0001,aid0001,2020-06-17,1307,1649,20.0,,,982,1234,,,,651.0,,
QC_Night_2020177_aid0001,aid0001,2020-06-25,1545,1649,,,,881,1098,,,,706.0,,
QC_Night_2020185_aid0001,aid0001,2020-07-03,200,1649,669.0,,,660,2244,,,1.0,14.0,,
QC_Night_2020193_aid0001,aid0001,2020-07-11,707,1649,30.0,,,833,2442,,,16.0,136.0,,
QC_Night_2020201_aid0001,aid0001,2020-07-19,36,1649,2819.0,,,59,260,,,,,,
QC_Night_2020209_aid0001,aid0001,2020-07-27,36,1649,1942.0,,,267,1183,,,,,,
QC_Night_2020217_aid0001,aid0001,2020-08-04,31,1649,611.0,,,408,2398,,,,84.0,,
QC_Night_2020225_aid0001,aid0001,2020-08-12,2755,1649,131.0,,,258,934,,,,9.0,,
QC_Night_2020233_aid0001,aid0001,2020-08-20,36,1649,568.0,,,746,2384,,,,175.0,,
QC_Night_2020241_aid0001,aid0001,2020-08-28,85,1649,40.0,,,937,1824,,,,1167.0,,
QC_Night_2020249_aid0001,aid0001,2020-09-05,460,1649,4.0,,,1128,1157,,,,1469.0,,
QC_Night_2020257_aid0001,aid0001,2020-09-13,78,1649,10.0,,,996,1473,,,,1596.0,,
QC_Night_2020265_aid0001,aid0001,2020-09-21,57,1649,16.0,,,979,1868,,,,1179.0,,
QC_Night_2020273_aid0001,aid0001,2020-09-29,41,1649,234.0,,,918,2076,,,,832.0,,
QC_Night_2020281_aid0001,aid0001,2020-10-07,46,1649,44.0,,,980,2259,,,,798.0,,
QC_Night_2020289_aid0001,aid0001,2020-10-15,257,1649,,,,1024,2040,,,,892.0,,
QC_Night_2020297_aid0001,aid0001,2020-10-23,318,1649,66.0,,,1065,2418,,,2.0,300.0,,
QC_Night_2020305_aid0001,aid0001,2020-10-31,15,1649,86.0,,,841,2930,,,,179.0,,
QC_Night_2020313_aid0001,aid0001,2020-11-08,10,1649,274.0,,,376,2873,,,,14.0,,
QC_Night_2020321_aid0001,aid0001,2020-11-16,41,1649,256.0,1.0,,847,2399,3.0,,,489.0,,
QC_Night_2020329_aid0001,aid0001,2020-11-24,16,1649,27.0,,,857,2483,,,,606.0,,
QC_Night_2020337_aid0001,aid0001,2020-12-02,40,1649,187.0,,,915,2688,,,,310.0,,
QC_Night_2020345_aid0001,aid0001,2020-12-10,53,1649,41.0,,,986,2549,,,1.0,492.0,,
QC_Night_2020353_aid0001,aid0001,2020-12-18,1041,1649,,,,1226,1324,268.0,67.0,,285.0,3.0,17.0
QC_Night_2020361_aid0001,aid0001,2020-12-26,46,1649,188.0,17.0,,963,2687,133.0,,,88.0,,
QC_Night_2021001_aid0001,aid0001,2021-01-01,26,1649,505.0,1.0,,913,2381,,,,279.0,,
QC_Night_2021009_aid0001,aid0001,2021-01-09,40,1649,199.0,,,1017,2573,,,,350.0,,
QC_Night_2021017_aid0001,aid0001,2021-01-17,22,1649,559.0,,,929,2648,,,,1.0,,
QC_Night_2021025_aid0001,aid0001,2021-01-25,62,1649,232.0,,,974,2837,1.0,5.0,,94.0,,
QC_Night_2021033_aid0001,aid0001,2021-02-02,1023,1649,11.0,13.0,,940,1953,54.0,8.0,,212.0,,
QC_Night_2021041_aid0001,aid0001,2021-02-10,2192,1649,,,,950,862,90.0,12.0,,118.0,,
QC_Night_2021049_aid0001,aid0001,2021-02-18,297,1649,8.0,4.0,,1192,2025,285.0,160.0,,233.0,2.0,9.0
QC_Night_2021057_aid0001,aid0001,2021-02-26,44,1649,60.0,9.0,,1060,2807,118.0,2.0,,88.0,,
QC_Night_2021065_aid0001,aid0001,2021-03-06,9,1649,48.0,4.0,,948,3005,28.0,,,51.0,,
QC_Night_2021073_aid0001,aid0001,2021-03-14,26,1649,40.0,,,933,2946,,,,169.0,,
QC_Night_2021081_aid0001,aid0001,2021-03-22,25,1649,117.0,,,638,2633,,,,441.0,,
QC_Night_2021089_aid0001,aid0001,2021-03-30,17,1649,41.0,,,895,2550,1.0,,,567.0,,
QC_Night_2021097_aid0001,aid0001,2021-04-07,99,1649,69.0,,,788,2188,,,,833.0,,
QC_Night_2021105_aid0001,aid0001,2021-04-15,51,1649,10.0,,,1010,1475,,,4.0,1546.0,,
QC_Night_2021113_aid0001,aid0001,2021-04-23,63,1649,40.0,,,812,1985,,,,1044.0,,
QC_Night_2021121_aid0001,aid0001,2021-05-01,1620,1649,,,,806,778,,,,965.0,,
QC_Night_2021129_aid0001,aid0001,2021-05-09,65,1649,16.0,,,949,1580,,,,1484.0,,
QC_Night_2021137_aid0001,aid0001,2021-05-17,1086,1649,,,,1019,565,,,,1541.0,,
QC_Night_2021145_aid0001,aid0001,2021-05-25,525,1649,329.0,,,632,2228,,,,107.0,,
QC_Night_2021153_aid0001,aid0001,2021-06-02,55,1649,987.0,,,556,2096,,,,60.0,,
QC_Night_2021161_aid0001,aid0001,2021-06-10,77,1649,7.0,,,1021,1275,,,,1748.0,,
QC_Night_2021169_aid0001,aid0001,2021-06-18,67,1649,,,,1056,696,1.0,,9.0,2356.0,,
QC_Night_2021177_aid0001,aid0001,2021-06-26,84,1649,2665.0,,,305,387,,,,,,
QC_Night_2021185_aid0001,aid0001,2021-07-04,43,1649,2191.0,,,258,890,,,,2.0,,
QC_Night_2021193_aid0001,aid0001,2021-07-12,762,1649,1229.0,,,396,1228,,,28.0,34.0,,
QC_Night_2021201_aid0001,aid0001,2021-07-20,47,1649,627.0,,,965,2034,,,,380.0,,
QC_Night_2021209_aid0001,aid0001,2021-07-28,37,1649,11.0,,,1009,1547,,,,1555.0,,
QC_Night_2021217_aid0001,aid0001,2021-08-05,1083,1649,146.0,,,601,1985,,,,241.0,,
QC_Night_2021225_aid0001,aid0001,2021-08-13,2903,1649,1.0,,,297,761,,,,265.0,,
QC_Night_2021233_aid0001,aid0001,2021-08-21,19,1649,1651.0,3.0,,171,1523,,,,,,
QC_Night_2021241_aid0001,aid0001,2021-08-29,1218,1649,2.0,,,991,476,,,,1529.0,,
QC_Night_2021249_aid0001,aid0001,2021-09-06,309,1649,,,,1023,1060,,,3.0,1778.0,,
QC_Night_2021257_aid0001,aid0001,2021-09-14,276,1649,,,,1010,1760,,,,1161.0,,
QC_Night_2021265_aid0001,aid0001,2021-09-22,95,1649,15.0,,,1008,1764,,,,1279.0,,
QC_Night_2021273_aid0001,aid0001,2021-09-30,119,1649,,,,1054,1062,,,,1953.0,,
QC_Night_2021281_aid0001,aid0001,2021-10-08,27,1649,10.0,,,960,2142,,,3.0,1005.0,,
QC_Night_2021289_aid0001,aid0001,2021-10-16,69,1649,2.0,,,1036,1155,,,,1913.0,,
QC_Night_2021297_aid0001,aid0001,2021-10-24,250,1649,9.0,,,1057,1054,,,,1841.0,,
QC_Night_2021305_aid0001,aid0001,2021-11-01,16,1649,66.0,,,913,2291,,,,818.0,,
QC_Night_2021313_aid0001,aid0001,2021-11-09,23,1649,131.0,,,796,2341,,,,604.0,,
QC_Night_2021321_aid0001,aid0001,2021-11-17,16,1649,199.0,,,780,2766,,,,173.0,,
QC_Night_2021329_aid0001,aid0001,2021-11-25,147,1649,566.0,,,967,2380,2.0,,,30.0,,
QC_Night_2021337_aid0001,aid0001,2021-12-03,42,1649,42.0,,,1005,2107,2.0,,3.0,958.0,,
QC_Night_2021345_aid0001,aid0001,2021-12-11,52,1649,164.0,,,731,2502,,,,418.0,,
QC_Night_2021353_aid0001,aid0001,2021-12-19,36,1649,223.0,,,1007,2582,,,,320.0,,
QC_Night_2021361_aid0001,aid0001,2021-12-27,1121,1649,56.0,,,855,1150,2.0,,,992.0,,
QC_Night_2022001_aid0001,aid0001,2022-01-01,88,1649,371.0,,,1067,2595,,,,58.0,,
QC_Night_2022009_aid0001,aid0001,2022-01-09,54,1649,71.0,18.0,,958,2782,318.0,,,8.0,,
QC_Night_2022017_aid0001,aid0001,2022-01-17,326,1649,172.0,,,1049,2571,7.0,1.0,,94.0,,
QC_Night_2022025_aid0001,aid0001,2022-01-25,61,1649,50.0,3.0,,1037,2920,108.0,25.0,,,,
QC_Night_2022033_aid0001,aid0001,2022-02-02,79,1649,295.0,1.0,,1104,2669,27.0,3.0,,23.0,,
QC_Night_2022041_aid0001,aid0001,2022-02-10,31,1649,40.0,,,873,3032,,,,121.0,,
QC_Night_2022049_aid0001,aid0001,2022-02-18,24,1649,195.0,,,898,2916,1.0,,,27.0,,
QC_Night_2022057_aid0001,aid0001,2022-02-26,25,1649,187.0,,,979,2983,1.0,,,,,
QC_Night_2022065_aid0001,aid0001,2022-03-06,1315,1649,28.0,,,813,1301,,,,673.0,,
QC_Night_2022073_aid0001,aid0001,2022-03-14,741,1649,,,,839,1867,,,,749.0,,
QC_Night_2022081_aid0001,aid0001,2022-03-22,368,1649,4.0,,,878,1800,,,,1046.0,,
QC_Night_2022089_aid0001,aid0001,2022-03-30,32,1649,299.0,,,920,2535,2.0,,,298.0,,
QC_Night_2022097_aid0001,aid0001,2022-04-07,71,1649,21.0,,,916,2724,,,1.0,315.0,,
QC_Night_2022105_aid0001,aid0001,2022-04-15,81,1649,29.0,,,913,2096,,,,947.0,,
QC_Night_2022113_aid0001,aid0001,2022-04-23,30,1649,89.0,,,557,2637,,,,380.0,,
QC_Night_2022121_aid0001,aid0001,2022-05-01,170,1649,85.0,,,696,1944,,,,1039.0,,
QC_Night_2022129_aid0001,aid0001,2022-05-09,28,1649,69.0,,,744,2531,,,,481.0,,
QC_Night_2022137_aid0001,aid0001,2022-05-17,75,1649,48.0,,,842,2606,,,,388.0,,
QC_Night_2022145_aid0001,aid0001,2022-05-25,383,1649,85.0,,,904,2150,,,,540.0,,
QC_Night_2022153_aid0001,aid0001,2022-06-02,127,1649,47.0,,,950,1893,,,,1033.0,,
QC_Night_2022161_aid0001,aid0001,2022-06-10,1696,1649,,,,968,567,,,,960.0,,
QC_Night_2022169_aid0001,aid0001,2022-06-18,135,1649,,,,1005,906,,,,2178.0,,
QC_Night_2022177_aid0001,aid0001,2022-06-26,52,1649,224.0,,,880,2633,,,1.0,187.0,,
QC_Night_2022185_aid0001,aid0001,2022-07-04,62,1649,56.0,,,760,2559,,,,496.0,,
QC_Night_2022193_aid0001,aid0001,2022-07-12,631,1649,118.0,,,1025,2116,,,,279.0,,
QC_Night_2022201_aid0001,aid0001,2022-07-20,13,1649,2574.0,,,206,572,,,,,,
QC_Night_2022209_aid0001,aid0001,2022-07-28,45,1649,457.0,,,615,2633,,,,2.0,,
QC_Night_2022217_aid0001,aid0001,2022-08-05,945,1649,1572.0,,,323,853,,,,,,
QC_Night_2022225_aid0001,aid0001,2022-08-13,1685,1649,,,,1069,306,,,11.0,1152.0,,
QC_Night_2022233_aid0001,aid0001,2022-08-21,2643,1649,,,,727,834,,,,9.0,,
QC_Night_2022241_aid0001,aid0001,2022-08-29,28,1649,52.0,,,992,1708,,,,1321.0,,
QC_Night_2022249_aid0001,aid0001,2022-09-06,265,1649,44.0,,,947,1564,,,,1251.0,,
QC_Night_2022257_aid0001,aid0001,2022-09-14,339,1649,3.0,,,1053,627,,,6.0,2170.0,,
QC_Night_2022265_aid0001,aid0001,2022-09-22,23,1649,8.0,,,1040,1760,,,,1371.0,,
QC_Night_2022273_aid0001,aid0001,2022-09-30,595,1649,41.0,,,868,2059,2.0,,,545.0,,
QC_Night_2022281_aid0001,aid0001,2022-10-08,103,1649,44.0,,,981,1936,,,,963.0,,
QC_Night_2022297_aid0001,aid0001,2022-10-24,32,1649,68.0,,,736,2102,,,,950.0,,
QC_Night_2022305_aid0001,aid0001,2022-11-01,9,1649,229.0,,,345,2745,,,,226.0,,
QC_Night_2022313_aid0001,aid0001,2022-11-09,17,1649,637.0,,,759,2429,,,,88.0,,
QC_Night_2022321_aid0001,aid0001,2022-11-17,15,1649,205.0,,,932,2867,,,,90.0,,
QC_Night_2022329_aid0001,aid0001,2022-11-25,20,1649,115.0,,,642,2970,,,,65.0,,
QC_Night_2022337_aid0001,aid0001,2022-12-03,22,1649,331.0,,,824,2816,,,,25.0,,
QC_Night_2022345_aid0001,aid0001,2022-12-11,43,1649,211.0,4.0,,1029,2832,29.0,1.0,,36.0,,
QC_Night_2022353_aid0001,aid0001,2022-12-19,38,1649,109.0,,,1032,3024,,,,5.0,,
QC_Night_2022361_aid0001,aid0001,2022-12-27,79,1649,226.0,,,520,2694,,,,171.0,,
QC_Night_2023001_aid0001,aid0001,2023-01-01,93,1649,110.0,,,827,2100,2.0,1.0,,844.0,,
QC_Night_2023009_aid0001,aid0001,2023-01-09,82,1649,754.0,,,817,1850,,,,451.0,1.0,
QC_Night_2023017_aid0001,aid0001,2023-01-17,52,1649,73.0,,,965,1797,,,6.0,1204.0,,
QC_Night_2023025_aid0001,aid0001,2023-01-25,146,1649,232.0,3.0,,884,2381,8.0,,,447.0,1.0,
QC_Night_2023033_aid0001,aid0001,2023-02-02,52,1649,59.0,,,986,2944,,,,117.0,,
QC_Night_2023041_aid0001,aid0001,2023-02-10,137,1649,80.0,,,810,2325,,,,661.0,,
QC_Night_2023049_aid0001,aid0001,2023-02-18,34,1649,52.0,,,873,2962,,,,208.0,,
QC_Night_2023057_aid0001,aid0001,2023-02-26,38,1649,576.0,,,1000,2382,,,,131.0,,
QC_Night_2023065_aid0001,aid0001,2023-03-06,38,1649,19.0,,,1053,1718,,,,1319.0,,
QC_Night_2023073_aid0001,aid0001,2023-03-14,19,1649,452.0,,,794,2715,2.0,,,50.0,,
QC_Night_2023081_aid0001,aid0001,2023-03-22,114,1649,11.0,,,1006,1470,,,,1564.0,,
QC_Night_2023089_aid0001,aid0001,2023-03-30,37,1649,92.0,,,821,2381,,,,646.0,,
QC_Night_2023097_aid0001,aid0001,2023-04-07,18,1649,68.0,,,750,2262,,,,753.0,,
QC_Night_2023105_aid0001,aid0001,2023-04-15,293,1649,30.0,,,961,2589,,,,250.0,,
QC_Night_2023113_aid0001,aid0001,2023-04-23,49,1649,11.0,,,817,1936,,,1.0,1232.0,,
QC_Night_2023121_aid0001,aid0001,2023-05-01,1234,1649,2.0,,,935,740,,,1.0,1285.0,,
QC_Night_2023129_aid0001,aid0001,2023-05-09,609,1649,1.0,,,1040,641,,,,1869.0,,
QC_Night_2023137_aid0001,aid0001,2023-05-17,75,1649,42.0,,,875,1991,,,,1048.0,,
QC_Night_2023145_aid0001,aid0001,2023-05-25,23,1649,26.0,,,720,1970,,,6.0,1166.0,,
QC_Night_2023153_aid0001,aid0001,2023-06-02,164,1649,3.0,,,1034,665,,,,2265.0,,
QC_Night_2023161_aid0001,aid0001,2023-06-10,1592,1649,,,,778,320,,,61.0,1480.0,,
QC_Night_2023169_aid0001,aid0001,2023-06-18,1589,1649,,,,873,1344,,,,409.0,,
QC_Night_2023177_aid0001,aid0001,2023-06-26,715,1649,339.0,,,898,1839,,,,265.0,,
QC_Night_2023185_aid0001,aid0001,2023-07-04,25,1649,2053.0,,,372,1030,,,,,,
QC_Night_2023193_aid0001,aid0001,2023-07-12,19,1649,149.0,,,588,2682,,,16.0,307.0,,
QC_Night_2023201_aid0001,aid0001,2023-07-20,210,1649,177.0,,,892,2366,,,,359.0,,
QC_Night_2023209_aid0001,aid0001,2023-07-28,192,1649,,,,1062,1198,,,4.0,1767.0,,
QC_Night_2023217_aid0001,aid0001,2023-08-05,426,1649,22.0,,,936,2034,,,1.0,731.0,,
QC_Night_2023225_aid0001,aid0001,2023-08-13,704,1649,32.0,,,1010,861,,,,1462.0,,
QC_Night_2023233_aid0001,aid0001,2023-08-21,962,1649,,,,1100,1627,,,,541.0,,
QC_Night_2023241_aid0001,aid0001,2023-08-29,34,1649,265.0,,,650,2796,,,,46.0,,
QC_Night_2023249_aid0001,aid0001,2023-09-06,62,1649,610.0,,,280,2453,,,,1.0,,
QC_Night_2023257_aid0001,aid0001,2023-09-14,16,1649,29.0,,,870,1996,,,,1111.0,,
QC_Night_2023265_aid0001,aid0001,2023-09-22,2518,1649,,,,509,374,,,,822.0,,
QC_Night_2023273_aid0001,aid0001,2023-09-30,15,1649,190.0,,,476,2519,,,,469.0,,
QC_Night_2023281_aid0001,aid0001,2023-10-08,169,1649,1.0,,,981,1496,,,,1561.0,,
QC_Night_2023289_aid0001,aid0001,2023-10-16,91,1649,23.0,,,979,1768,1.0,,,1322.0,,
QC_Night_2023297_aid0001,aid0001,2023-10-24,32,1649,165.0,,,720,2775,,,,236.0,,
QC_Night_2023305_aid0001,aid0001,2023-11-01,22,1649,313.0,,,750,2616,,,,248.0,,
QC_Night_2023313_aid0001,aid0001,2023-11-09,15,1649,123.0,,,868,2619,,,,388.0,,
QC_Night_2023321_aid0001,aid0001,2023-11-17,49,1649,135.0,,,686,2629,,,,324.0,,
QC_Night_2023329_aid0001,aid0001,2023-11-25,30,1649,174.0,,,865,2781,,,,214.0,,
QC_Night_2023337_aid0001,aid0001,2023-12-03,82,1649,26.0,,,978,2405,,,,687.0,,
QC_Night_2023345_aid0001,aid0001,2023-12-11,13,1649,141.0,,,780,2871,,,,178.0,,
QC_Night_2023353_aid0001,aid0001,2023-12-19,34,1649,23.0,,,964,2482,10.0,,,644.0,4.0,
QC_Night_2023361_aid0001,aid0001,2023-12-27,389,1649,37.0,,,862,1713,,,,1102.0,,
QC_Night_2024001_aid0001,aid0001,2024-01-01,26,1649,84.0,,,907,2589,1.0,,,492.0,,
